CustomerId,first_name,last_name,email,gender,address,phone,city
1,Gottfried,Pickup,gpickup0@csmonitor.com,Male,97 Dahle Parkway,441-620-8084,Strasbourg
2,Emilio,Benger,ebenger1@ustream.tv,Male,80 Colorado Court,416-715-2913,Patzicía
3,Shalna,Bourdas,sbourdas2@barnesandnoble.com,Female,74909 Charing Cross Center,702-850-2759,Bartsrashen
4,Juliet,Pledge,jpledge3@bloglines.com,Female,19855 Heath Junction,311-500-1025,Pacucha
5,Norris,Dresche,ndresche4@angelfire.com,Male,8682 Maple Wood Drive,170-525-0667,Puyehue
6,Konstance,Phipard-Shears,kphipardshears5@wordpress.org,Female,75 West Circle,119-913-9120,Oni
7,Chloette,Pennoni,cpennoni6@sun.com,Female,9 Arrowood Parkway,514-536-0650,Sabnie
8,Josie,Grason,jgrason7@myspace.com,Female,4171 Carioca Parkway,200-190-1222,Parawan
9,Marissa,Worsell,mworsell8@wired.com,Female,0905 Maple Crossing,619-403-7411,Quimper
10,Amitie,Gilbee,agilbee9@comcast.net,Female,301 Roth Alley,202-162-4902,Washington
11,Chiarra,Cheetham,ccheethama@imgur.com,Female,67 Jana Point,490-844-7498,Imielin
12,Gran,Stirling,gstirlingb@surveymonkey.com,Male,31247 Crownhardt Alley,159-155-9478,Lümeng
13,Kerby,Loud,kloudc@blogtalkradio.com,Male,79944 Kennedy Drive,424-241-6363,Jintan
14,Marya,Drury,mdruryd@bizjournals.com,Female,2928 Ramsey Alley,389-175-1506,Jonquière
15,Kristin,Handsheart,khandshearte@simplemachines.org,Female,495 Fallview Place,883-189-8264,Fujiayan
16,Deck,Lamplugh,dlamplughf@npr.org,Male,96 Main Point,500-755-5132,Winterthur
17,Arnold,Bodicum,abodicumg@nih.gov,Male,04 Eagan Place,352-220-5945,Ragana
18,Kerr,Clemendot,kclemendoth@spotify.com,Male,331 Westport Parkway,666-715-0007,Klevan’
19,Rafi,Dadson,rdadsoni@reuters.com,Male,733 Chive Drive,796-302-9182,Bang Bo
20,Halsey,Bonevant,hbonevantj@guardian.co.uk,Male,78 North Road,569-169-7985,Nikolina Gora
21,Emmy,Ferrara,eferrarak@sitemeter.com,Male,1509 American Trail,664-934-2112,Qal‘ah-ye Kūf
22,Luca,Antonucci,lantonuccil@addthis.com,Male,0815 Elgar Crossing,677-830-6637,Zhujiatai
23,Charley,Aronstein,caronsteinm@shinystat.com,Male,662 Nobel Way,439-648-1817,Birao
24,Valina,Accombe,vaccomben@dmoz.org,Female,6341 Duke Place,162-633-0525,Vicente Guerrero
25,Corey,Gleaves,cgleaveso@pbs.org,Female,51 Fairview Crossing,446-858-2228,Ainaži
26,Menard,Hinrichs,mhinrichsp@nationalgeographic.com,Male,7 Continental Drive,846-677-8409,‘Ajlūn
27,Lynnett,D'Alesio,ldalesioq@ehow.com,Female,97299 Milwaukee Lane,297-908-8157,Calomboyan
28,Meade,Kilbride,mkilbrider@yelp.com,Female,6877 Monica Circle,994-493-1381,Burgos
29,Earvin,Hubbert,ehubberts@yahoo.com,Male,04110 Shasta Road,393-494-8736,Obiliq
30,Gery,Keble,gkeblet@gnu.org,Male,3524 Pennsylvania Lane,798-861-9007,Bugembe
31,Will,Ivons,wivonsu@ehow.com,Male,338 Warrior Crossing,129-243-6463,Chengguan
32,Cyrillus,Mitskevich,cmitskevichv@hugedomains.com,Male,740 Westend Park,651-408-9287,Rawaglagah
33,Deanne,Barnett,dbarnettw@dot.gov,Female,4 8th Crossing,744-711-3982,Rizhao
34,Lulu,Wyman,lwymanx@google.es,Female,389 Memorial Drive,461-542-1222,Wotan
35,Fanny,Algeo,falgeoy@state.gov,Female,4 Veith Place,364-645-0137,Kaliuda
36,Liana,Harvett,lharvettz@pagesperso-orange.fr,Female,9461 Riverside Alley,888-184-7185,Niaojin
37,Palm,Cutmare,pcutmare10@independent.co.uk,Male,5 Dunning Terrace,330-327-9063,Bęczarka
38,Vinson,Cisson,vcisson11@un.org,Male,2734 Talmadge Street,746-254-8476,Santa Teresa
39,Phaidra,Sans,psans12@shinystat.com,Female,442 Forest Run Point,417-424-0624,Limoges
40,Gaile,Yoodall,gyoodall13@elegantthemes.com,Male,9350 Crowley Way,269-152-0617,Jinshanwei
41,Ettore,Matts,ematts14@bing.com,Male,3 Heath Place,281-777-9758,Sława
42,Martyn,Macieja,mmacieja15@1und1.de,Male,242 Fordem Drive,514-588-9624,Nam Sách
43,Colan,Bollon,cbollon16@printfriendly.com,Male,87 Carberry Terrace,595-897-2408,Erba
44,Eleonore,Merrin,emerrin17@gov.uk,Female,51 Dovetail Trail,494-715-7750,Fuxing
45,Pietra,Deniso,pdeniso18@mayoclinic.com,Female,059 Amoth Parkway,870-576-8111,Cercal
46,Philippa,Scrammage,pscrammage19@springer.com,Female,3884 Canary Way,427-405-9909,Maracaju
47,Mabel,Sizey,msizey1a@jalbum.net,Female,428 Valley Edge Drive,822-232-6768,Bāniyās
48,Andras,Cissen,acissen1b@quantcast.com,Male,61 Vernon Road,554-903-1489,Siquisique
49,Spence,Signore,ssignore1c@theglobeandmail.com,Male,47951 Bartelt Circle,735-463-1676,Cirangrang
50,Marietta,Callear,mcallear1d@furl.net,Male,3590 Emmet Road,341-582-0879,Nanxindian
51,Aldous,Waters,awaters1e@paypal.com,Male,85866 Roth Crossing,545-308-9190,Novyy Svit
52,Cynde,Kilfeather,ckilfeather1f@canalblog.com,Female,3170 Ludington Crossing,131-732-1758,Kaz
53,Lindsey,Daynter,ldaynter1g@statcounter.com,Female,75 Rusk Circle,124-114-1478,Mont-de-Marsan
54,Norry,Charlewood,ncharlewood1h@yale.edu,Male,68575 Ridgeview Circle,819-992-4365,Stockholm
55,Beatriz,Le Maitre,blemaitre1i@ycombinator.com,Female,9 Debra Drive,609-280-3791,Rencun
56,Addie,Tewkesberry,atewkesberry1j@chicagotribune.com,Male,37 Manufacturers Lane,526-289-8788,Poniklá
57,Joy,Wheeldon,jwheeldon1k@hhs.gov,Female,26 Lakewood Lane,205-501-7779,Jiamaogong
58,Willette,Austins,waustins1l@columbia.edu,Female,5 Hauk Terrace,640-614-0050,Halmstad
59,Bette-ann,Tallon,btallon1m@eventbrite.com,Female,51 8th Court,776-278-5230,Göteborg
60,Ethelind,Goranov,egoranov1n@homestead.com,Female,40435 Surrey Circle,271-520-4257,Iwo
61,Kelly,Micheau,kmicheau1o@ezinearticles.com,Male,235 Saint Paul Parkway,183-140-1507,Couto
62,Vicky,Feechum,vfeechum1p@java.com,Female,21 Portage Park,263-380-9085,Cairo
63,Theodora,Lyness,tlyness1q@earthlink.net,Female,4 Corben Crossing,780-619-1222,Helsingborg
64,Alexis,Drewell,adrewell1r@ebay.co.uk,Male,21 Warbler Place,207-616-5078,Jinhe
65,Bjorn,Cardello,bcardello1s@slashdot.org,Male,99 Harper Point,310-154-2202,Zhongxing
66,Joanie,Danhel,jdanhel1t@earthlink.net,Female,95941 Village Court,451-552-3166,Ratíškovice
67,Erek,Stollery,estollery1u@dell.com,Male,6 Holy Cross Drive,972-280-4094,Yarumela
68,Ax,Kilshall,akilshall1v@newyorker.com,Male,766 Birchwood Road,907-535-5908,Banjar Budakeling
69,Evelyn,Maling,emaling1w@tmall.com,Female,66737 Annamark Pass,759-871-2435,Glotovka
70,Romona,Schruurs,rschruurs1x@skyrock.com,Female,8 Welch Drive,388-789-0570,Oslomej
71,Hana,Normaville,hnormaville1y@ebay.com,Female,821 Weeping Birch Parkway,596-720-3717,Ar Rudayyif
72,Rolfe,Oxbury,roxbury1z@ameblo.jp,Male,174 Bowman Street,541-239-5214,Bohumín
73,Freddi,Goodley,fgoodley20@acquirethisname.com,Female,205 1st Park,182-284-5034,Bailan
74,Tabitha,Oneal,toneal21@gravatar.com,Female,5118 Stang Circle,326-786-2028,Campoverde
75,Eustace,Hallor,ehallor22@drupal.org,Male,3 Artisan Circle,113-182-7931,Piracaia
76,Hi,Aleshkov,haleshkov23@unc.edu,Male,4 Sutteridge Park,863-447-1984,Pamoyanan
77,Frazer,Surpliss,fsurpliss24@howstuffworks.com,Male,45 Lighthouse Bay Drive,641-505-7671,Dagar
78,Tine,Klazenga,tklazenga25@typepad.com,Female,61 Loeprich Park,368-970-9992,San Antonio
79,Jule,Quincee,jquincee26@phpbb.com,Male,79 Tomscot Avenue,361-613-5806,Guatraché
80,Dori,Cambridge,dcambridge27@yale.edu,Female,70 Division Street,277-619-1357,Kostyantynivka
81,Ardyce,Hayball,ahayball28@europa.eu,Female,0927 Moulton Junction,945-177-7758,Marcos
82,Vita,Ruppeli,vruppeli29@livejournal.com,Female,79969 Merrick Street,842-609-7012,Jangdam
83,Orson,Rugieri,orugieri2a@shop-pro.jp,Male,4526 Hollow Ridge Point,953-232-7780,Iba
84,Rafe,Malpas,rmalpas2b@house.gov,Male,91 Blackbird Road,570-312-3858,Chone
85,Barbara,Kinker,bkinker2c@wired.com,Female,34 Upham Place,740-401-0071,Linjiang
86,Linnet,Gerdts,lgerdts2d@cmu.edu,Female,73 Lunder Parkway,934-148-5835,Chaoyang
87,Geordie,Gilby,ggilby2e@weather.com,Male,9360 Gulseth Park,856-271-9652,Birnin Kebbi
88,Nikolai,Corragan,ncorragan2f@mlb.com,Male,0 Truax Street,628-827-2778,Andalucía
89,Bearnard,Torricina,btorricina2g@utexas.edu,Male,4470 Washington Avenue,515-428-0447,Cikeusal
90,Jasmina,Battson,jbattson2h@plala.or.jp,Female,25 Corben Road,694-969-2347,Sukadana
91,Lainey,Aindrais,laindrais2i@hibu.com,Female,7885 Forster Pass,630-126-0076,Ouijjane
92,Travus,Goodfellowe,tgoodfellowe2j@pbs.org,Male,7 Reinke Avenue,190-752-3764,Tambaksari
93,Lou,MacNucator,lmacnucator2k@whitehouse.gov,Male,9 Kenwood Avenue,817-464-3535,Balogo
94,Cora,Yourell,cyourell2l@godaddy.com,Female,39 Towne Parkway,801-255-5425,Örebro
95,Druci,Cresar,dcresar2m@linkedin.com,Female,77084 Darwin Terrace,744-372-0084,Liufeng
96,Llywellyn,Brevitt,lbrevitt2n@yellowbook.com,Male,7765 Clarendon Court,895-819-0017,Panitan
97,Lindon,Bastick,lbastick2o@va.gov,Male,385 Fallview Center,828-711-5289,Nam Đàn
98,Rollo,Leamon,rleamon2p@paypal.com,Male,87767 Harbort Point,881-304-0080,Kallar Kahār
99,Padraig,Bertot,pbertot2q@purevolume.com,Male,169 Briar Crest Road,642-680-3031,Pantai Ceuremen
100,Gallagher,Giggs,ggiggs2r@quantcast.com,Male,74 Dorton Crossing,827-126-6849,Zduńska Wola
101,Bradan,Koene,bkoene2s@istockphoto.com,Male,8 North Lane,464-769-8208,Orléans
102,Carlin,Karpman,ckarpman2t@webnode.com,Female,092 Maryland Lane,938-111-0606,Saint-Louis
103,Elise,Putten,eputten2u@hp.com,Female,26164 Northridge Drive,676-458-3483,Sukth
104,Nady,Ten Broek,ntenbroek2v@delicious.com,Female,81 Bunting Way,941-908-3755,Al Qūşīyah
105,Pebrook,Yewdale,pyewdale2w@answers.com,Male,1 Annamark Point,186-453-8493,Masumbwe
106,Horatio,Dadge,hdadge2x@elpais.com,Male,8013 Tomscot Terrace,704-286-9668,Dno
107,Steffen,Darlow,sdarlow2y@globo.com,Male,1 Grim Hill,896-233-4737,Lerrnanist
108,Barry,Minette,bminette2z@timesonline.co.uk,Male,003 Texas Alley,202-981-8044,Tanūmah
109,Reidar,Persehouse,rpersehouse30@deviantart.com,Male,26389 Messerschmidt Trail,563-652-8530,Oltinko’l
110,Jerald,Tschierasche,jtschierasche31@xing.com,Male,45872 Dawn Place,397-202-1100,Lagoa do Itaenga
111,Cathyleen,Maybey,cmaybey32@imdb.com,Female,3 Bunting Parkway,404-345-5434,Cumming
112,Vinny,Kille,vkille33@loc.gov,Female,44094 Green Ridge Point,281-280-8001,Longtou
113,Ardine,Sherred,asherred34@qq.com,Female,286 3rd Junction,160-601-9428,Yuelai
114,Monique,Coppenhall,mcoppenhall35@google.co.uk,Female,2 Caliangt Circle,309-924-2602,Monkey Hill
115,Bruis,Morrant,bmorrant36@mayoclinic.com,Male,196 Everett Avenue,533-391-2066,Oepula
116,Joaquin,Deverock,jdeverock37@infoseek.co.jp,Male,3785 4th Circle,153-736-6863,Guri-si
117,Corie,O'Hengerty,cohengerty38@google.cn,Female,6408 Fremont Road,474-289-3135,Suç
118,Rickard,McJerrow,rmcjerrow39@infoseek.co.jp,Male,7 Red Cloud Circle,142-827-7954,Buri
119,Leilah,Swiers,lswiers3a@admin.ch,Female,82 Brown Plaza,283-879-0946,Jixiang
120,Reg,Peschka,rpeschka3b@1688.com,Male,3 Waubesa Hill,343-657-0241,Longhua
121,Kirsti,Lean,klean3c@reddit.com,Female,53 High Crossing Park,212-913-6566,Dasuk
122,Krista,Leavy,kleavy3d@deliciousdays.com,Female,258 Huxley Place,492-331-4220,Podstepki
123,Hendrika,Stalley,hstalley3e@sphinn.com,Female,11360 Scoville Park,626-314-6666,Huangdi
124,Obediah,Hayball,ohayball3f@usatoday.com,Male,868 Fuller Place,573-121-6726,Phonsavan
125,Jayme,Broggelli,jbroggelli3g@mlb.com,Female,850 Ryan Drive,974-417-2753,Sogamoso
126,Arturo,Maggorini,amaggorini3h@ucoz.ru,Male,1199 Scofield Park,675-658-5000,Bolembre
127,Lauren,Pedlingham,lpedlingham3i@smh.com.au,Male,27943 Grim Circle,627-420-1648,Roma
128,Oliver,Marchment,omarchment3j@businessweek.com,Male,38 American Ash Pass,211-245-5310,Snegiri
129,Richart,Clavering,rclavering3k@sfgate.com,Male,7188 Toban Terrace,893-674-4301,Naifaru
130,Franz,Knaggs,fknaggs3l@github.com,Male,137 Village Green Terrace,336-292-9566,Põlva
131,Michell,Storie,mstorie3m@mac.com,Female,0 Shopko Parkway,696-706-9468,Rosario
132,Alena,Castellino,acastellino3n@apple.com,Female,7236 Lotheville Circle,479-458-9423,Frankfurt am Main
133,Esma,Addy,eaddy3o@surveymonkey.com,Female,27 Center Drive,428-320-3580,Bozkow
134,Feliza,Secrett,fsecrett3p@nsw.gov.au,Female,2 Birchwood Parkway,388-739-0794,Cateel
135,Ethelyn,Oxlade,eoxlade3q@linkedin.com,Female,12492 Comanche Circle,376-995-0893,Bagiktinggang
136,Corrie,Causley,ccausley3r@rediff.com,Male,5 Arizona Pass,676-545-8961,Talayan
137,Marya,Freestone,mfreestone3s@sciencedaily.com,Female,25495 Sheridan Terrace,109-764-4305,Temirtau
138,Sabina,Cominoli,scominoli3t@reference.com,Female,2931 Sullivan Trail,664-694-9721,Nantes
139,Viva,O'Cooney,vocooney3u@de.vu,Female,727 Daystar Alley,922-613-9803,Pudoc North
140,Kassia,Le Breton,klebreton3v@rambler.ru,Female,88172 Hollow Ridge Court,982-885-4771,Kävlinge
141,Matthew,Skain,mskain3w@qq.com,Male,6 Doe Crossing Point,586-515-2419,Semanding
142,Jobie,Konerding,jkonerding3x@list-manage.com,Female,0121 Center Court,619-872-8017,San Pedro Apartado
143,Micheline,Munns,mmunns3y@mac.com,Female,6 Nobel Park,755-868-4238,Millerovo
144,Frederic,Chester,fchester3z@cdbaby.com,Male,6 Northwestern Point,153-940-3392,Matagami
145,Hi,Aleshkov,haleshkov40@scientificamerican.com,Male,39644 Garrison Hill,510-597-2809,Panacan
146,Spike,Uzelli,suzelli41@paginegialle.it,Male,28421 Hazelcrest Junction,361-812-8602,Alor Star
147,Garfield,Kevane,gkevane42@time.com,Male,08 Manitowish Street,660-130-9521,Katrineholm
148,Eolande,Ben,eben43@answers.com,Female,39 Hagan Crossing,204-516-3309,Huangqi
149,Westley,California,wcalifornia44@wikia.com,Male,97 Independence Drive,597-990-1279,Mieścisko
150,Jarrad,Halligan,jhalligan45@blogtalkradio.com,Male,6107 Mendota Trail,912-246-0722,Szprotawa
151,Stern,Harmant,sharmant46@slate.com,Male,43 Arkansas Plaza,351-512-2164,Yudai
152,Penny,Remer,premer47@sphinn.com,Male,5126 Katie Pass,857-174-7557,Al Mālikīyah
153,Kris,Whayman,kwhayman48@psu.edu,Female,6180 Mcguire Place,322-695-9488,Shangma
154,Marcille,Darley,mdarley49@live.com,Female,720 Norway Maple Court,483-461-5606,Lucé
155,Jacquenette,Meenan,jmeenan4a@alexa.com,Female,2007 Anniversary Junction,749-555-0731,Cipinang
156,Carol-jean,Fennelow,cfennelow4b@wikia.com,Female,17078 Cambridge Court,464-241-2265,San Antonio
157,Morie,Grelik,mgrelik4c@icio.us,Male,9340 Rutledge Alley,521-961-4558,Keli
158,Tibold,Doone,tdoone4d@eventbrite.com,Male,37 Corry Plaza,154-150-6457,Krajan Battal
159,Lenci,Slimm,lslimm4e@wisc.edu,Male,7 Orin Terrace,142-454-4898,Szeged
160,Rinaldo,Hammant,rhammant4f@wunderground.com,Male,88 Ridge Oak Court,817-664-2276,Piritiba
161,Brok,Di Ruggiero,bdiruggiero4g@blogtalkradio.com,Male,1 Packers Road,253-722-4949,Madette
162,Craggie,Charer,ccharer4h@hugedomains.com,Male,1759 Melrose Point,290-845-3207,Sens
163,Barbe,Concannon,bconcannon4i@forbes.com,Female,7789 Scoville Pass,239-704-4326,Qiaotou
164,Stephan,Sirman,ssirman4j@techcrunch.com,Male,1 Red Cloud Avenue,387-989-5106,Ruma
165,Garvy,Jarlmann,gjarlmann4k@youtu.be,Male,8 Jenna Terrace,345-889-4645,Weitang
166,Pepillo,MacGuiness,pmacguiness4l@alexa.com,Male,199 Forest Run Junction,722-439-5644,Francisco Beltrão
167,Shannan,Couser,scouser4m@blogtalkradio.com,Male,5473 Russell Trail,147-224-4857,Trondheim
168,Marlowe,Meecher,mmeecher4n@samsung.com,Male,3480 Clove Plaza,433-839-9208,Shuangqiao
169,Karl,Kemp,kkemp4o@marketwatch.com,Male,73970 Onsgard Point,656-916-8349,Qiziltepa Shahri
170,Erie,Stoade,estoade4p@mail.ru,Male,552 Buhler Junction,725-703-6888,El Copey
171,Arlene,Bownes,abownes4q@who.int,Female,6237 Novick Drive,533-385-9331,Радовиш
172,Dallis,Morlon,dmorlon4r@hibu.com,Male,9080 Shoshone Terrace,740-479-6283,Gaoqiaolou
173,Elliott,Cappel,ecappel4s@printfriendly.com,Male,1 Cascade Way,552-670-6294,Suru
174,Rheta,Heavyside,rheavyside4t@washington.edu,Female,41789 Sugar Terrace,916-236-7304,Wodzierady
175,Cleveland,Ebbings,cebbings4u@sbwire.com,Male,2515 Elgar Place,485-452-7089,Sarāvān
176,Archambault,Enderwick,aenderwick4v@gov.uk,Male,8 Warner Alley,308-625-0716,Sundbyberg
177,Barry,Osgar,bosgar4w@rediff.com,Female,29 Welch Alley,938-731-5350,Inabaan Sur
178,Cullen,Fearfull,cfearfull4x@technorati.com,Male,1 Eliot Avenue,191-233-5306,Esil
179,Jecho,Scotting,jscotting4y@google.de,Male,0696 Pierstorff Road,829-544-7711,Las Flores
180,Umeko,Motte,umotte4z@nature.com,Female,06738 Magdeline Pass,558-995-7801,Mayang
181,Falito,Yorath,fyorath50@chron.com,Male,74584 Stone Corner Plaza,755-519-5861,Comodoro Rivadavia
182,Julian,Pollok,jpollok51@e-recht24.de,Male,0 Del Sol Lane,760-961-0038,Haolin
183,Siobhan,Martinek,smartinek52@harvard.edu,Female,2 Browning Hill,854-308-7129,Lobos
184,Berty,Hagwood,bhagwood53@fotki.com,Female,2 Rowland Hill,707-235-4308,Karangpari
185,Freddy,Tampin,ftampin54@devhub.com,Male,02 Logan Alley,905-161-0859,Carcavelos
186,Bernardo,Gocher,bgocher55@slashdot.org,Male,214 Nelson Plaza,601-528-0358,Xinpu
187,Sancho,Rosander,srosander56@pbs.org,Male,62406 Corscot Pass,151-442-8530,Futuroscope
188,Corenda,Wannell,cwannell57@ifeng.com,Female,9 Cambridge Place,766-788-3478,Xinmen
189,Edik,Westbury,ewestbury58@webmd.com,Male,3 Loeprich Trail,171-260-6841,Dongji
190,Dominique,Mahood,dmahood59@moonfruit.com,Female,8958 Morrow Drive,511-698-0087,Rueil-Malmaison
191,Liam,Blackmoor,lblackmoor5a@bizjournals.com,Male,228 Elmside Drive,290-969-6999,Yurla
192,Perice,Paylor,ppaylor5b@nasa.gov,Male,05 Paget Parkway,451-251-3564,Dujuuma
193,Boyce,Jakab,bjakab5c@icio.us,Male,95609 Cody Street,573-610-4321,Khānaqāh
194,Joey,Dilliston,jdilliston5d@oaic.gov.au,Male,0829 Esker Court,427-191-3010,Sanqishi
195,Skippie,Briggs,sbriggs5e@ucoz.ru,Male,9375 Tomscot Alley,640-255-0256,Krajan Kidul Rojopolo
196,Belita,Pember,bpember5f@uol.com.br,Female,27 Vernon Parkway,740-214-1598,Weiyuankou
197,Terza,Jennery,tjennery5g@mtv.com,Female,6 Merchant Way,273-894-7399,Boulsa
198,Daisey,Codi,dcodi5h@amazon.co.uk,Female,2690 Saint Paul Street,772-419-7177,Buliu
199,Consolata,Lankham,clankham5i@sun.com,Female,8818 Jay Junction,229-243-1070,Yangdi
200,Vanda,Poser,vposer5j@pbs.org,Female,8786 Center Plaza,543-910-4911,Dashtavan
201,Swen,Francescuccio,sfrancescuccio5k@washington.edu,Male,98552 Main Trail,518-907-9125,Albany
202,Izak,Rolph,irolph5l@mapy.cz,Male,7 Tennyson Place,317-772-2013,Banjing
203,Hillard,Jurgen,hjurgen5m@geocities.com,Male,18 Utah Alley,229-907-0049,Bolboc
204,Corbin,Alberts,calberts5n@cisco.com,Male,0537 Forest Plaza,971-140-5015,Jinjiang
205,Susi,Philbrick,sphilbrick5o@yolasite.com,Female,17 Cardinal Circle,373-276-7703,Belozërskoye
206,Eve,Michin,emichin5p@ucla.edu,Female,68 Heffernan Street,765-533-4716,Ingenio La Esperanza
207,Colet,Ilem,cilem5q@illinois.edu,Male,3617 Ridge Oak Trail,557-180-6499,Fumin
208,Rosmunda,Keaveny,rkeaveny5r@biblegateway.com,Female,35 Blaine Circle,304-199-7110,San Pedro
209,Sean,Cawt,scawt5s@ucoz.ru,Male,19 Red Cloud Point,541-408-5612,Guyancourt
210,Murray,Rignold,mrignold5t@who.int,Male,5 Summer Ridge Place,856-308-4618,Santa Rita
211,Lyda,Piotrkowski,lpiotrkowski5u@buzzfeed.com,Female,65548 Homewood Drive,622-346-5373,Līkak
212,Candis,Conichie,cconichie5v@google.co.jp,Female,67 Hoepker Court,227-900-9634,Echarate
213,Hilliary,Yourell,hyourell5w@google.es,Female,38801 Mayer Crossing,973-633-5035,Nol
214,Leopold,Tallboy,ltallboy5x@washington.edu,Male,90032 Rowland Parkway,975-749-6479,Shangyi
215,Benedicto,Penhaleurack,bpenhaleurack5y@miitbeian.gov.cn,Male,31 Southridge Place,562-375-8379,Raszowa
216,Catha,Eltune,celtune5z@jugem.jp,Female,9 Dapin Street,109-235-2471,Murom
217,Paxton,Grisedale,pgrisedale60@weebly.com,Male,48965 Anniversary Parkway,238-571-0395,Kolympári
218,Evangelina,Tissell,etissell61@github.io,Female,2959 Loftsgordon Junction,742-616-4344,Parawan
219,Bevon,Paschke,bpaschke62@newyorker.com,Male,1226 1st Court,132-638-9298,Yarmolyntsi
220,Kris,Argont,kargont63@pinterest.com,Female,5730 Sutteridge Plaza,336-699-0746,Deqing
221,Elmore,Acres,eacres64@go.com,Male,139 Novick Junction,345-806-4994,Karang Tengah
222,Holden,Doddemeade,hdoddemeade65@phpbb.com,Male,89 Marquette Place,779-550-5383,Sitularang Landeuh
223,Shamus,Standley,sstandley66@tmall.com,Male,8467 Saint Paul Drive,281-148-9300,Frisange
224,Alphonso,Camilio,acamilio67@paypal.com,Male,6661 Laurel Drive,955-560-8891,Peñal
225,Helli,Ferraraccio,hferraraccio68@java.com,Female,181 Tony Parkway,343-858-1987,Kurchaloy
226,Alis,Gawler,agawler69@w3.org,Female,585 Eggendart Avenue,700-903-4954,Kashar
227,Netti,Boyn,nboyn6a@photobucket.com,Female,217 Green Ridge Terrace,676-470-9373,Canggang
228,Roger,Gehring,rgehring6b@technorati.com,Male,543 Chive Parkway,132-629-8296,Luoshe
229,Tammi,Eastridge,teastridge6c@google.es,Female,2685 Veith Street,893-847-5015,Cibeunying
230,Maressa,Conquest,mconquest6d@sitemeter.com,Female,1221 Southridge Way,539-798-6767,Vyksa
231,Madelena,Bortoluzzi,mbortoluzzi6e@about.me,Female,93055 Cardinal Center,331-418-3850,Maqbanah
232,Hank,Higounet,hhigounet6f@trellian.com,Male,6019 Mandrake Lane,487-339-0185,Rusocice
233,Mathilde,Boud,mboud6g@senate.gov,Female,92058 Moose Place,695-444-0036,Manturovo
234,Olympie,Jakeway,ojakeway6h@census.gov,Female,06851 Northport Court,853-449-1043,Paris 07
235,Willette,Twelftree,wtwelftree6i@indiegogo.com,Female,715 Trailsway Circle,351-887-3452,Qiaozhuang
236,Saree,Chasle,schasle6j@mozilla.org,Female,92670 Hintze Point,952-860-9838,Inari
237,Larine,Purselow,lpurselow6k@g.co,Female,80 Ohio Lane,314-877-0982,Migrate
238,Lucius,Alliberton,lalliberton6l@sphinn.com,Male,0 Badeau Point,272-592-4545,San Carlos
239,Mechelle,Bewfield,mbewfield6m@fda.gov,Female,81 Truax Street,982-631-1171,Huangcun
240,Welsh,Roderham,wroderham6n@irs.gov,Male,7 Clove Pass,613-877-4289,Fulin
241,Annecorinne,Darwent,adarwent6o@shop-pro.jp,Female,4 Mosinee Hill,789-168-3984,Kotabaru Hilir
242,Rosalyn,McWhan,rmcwhan6p@yellowpages.com,Female,36004 Waubesa Road,157-520-0085,Dinan
243,Jandy,Markwelley,jmarkwelley6q@yahoo.co.jp,Female,0 Veith Circle,275-501-4970,Angostura
244,Dominica,Abdon,dabdon6r@apache.org,Female,49993 Village Green Road,210-698-1381,Baclayon
245,Roarke,Beamiss,rbeamiss6s@ox.ac.uk,Male,0767 Marquette Circle,593-796-0655,Shakhtars’k
246,Ignatius,Le Marquis,ilemarquis6t@un.org,Male,80 Straubel Place,978-771-0627,Foxrock
247,Amalea,Arntzen,aarntzen6u@auda.org.au,Female,5670 Caliangt Plaza,710-945-6150,Butha-Buthe
248,Crissy,Kingsbury,ckingsbury6v@g.co,Female,0448 Hooker Circle,430-278-6497,Pisang
249,Maure,Metrick,mmetrick6w@utexas.edu,Female,3570 Dayton Park,588-668-5453,Macarse
250,Oliviero,Dorracott,odorracott6x@ezinearticles.com,Male,977 Becker Lane,786-787-9461,Zaokskiy
251,Aliza,Loggie,aloggie6y@mit.edu,Female,0611 Utah Crossing,505-224-2834,Kalianda
252,Humberto,Boldecke,hboldecke6z@cnbc.com,Male,7 Walton Place,827-426-5367,Tambak
253,Dwain,Pughsley,dpughsley70@sphinn.com,Male,2851 Forest Run Center,250-151-0721,Ariguaní
254,Boris,Harriott,bharriott71@amazon.co.uk,Male,4 Straubel Circle,191-915-9309,Sobinka
255,Farley,Ganders,fganders72@cnn.com,Male,698 Melody Lane,617-518-5429,Shangma
256,Craig,Smardon,csmardon73@usa.gov,Male,903 Morrow Plaza,624-586-3639,Il’ya
257,Tildy,Baert,tbaert74@ihg.com,Female,129 Rigney Road,831-309-8449,Bektemir
258,Bennie,Bussens,bbussens75@sitemeter.com,Female,135 Maple Wood Circle,527-633-3123,Sungai Raya
259,Christopher,Ingerfield,cingerfield76@gravatar.com,Male,0 Schiller Point,162-866-5150,Chester
260,Dell,Volante,dvolante77@plala.or.jp,Female,8321 Cherokee Street,365-194-7517,Gunungmalang Satu
261,Umberto,Works,uworks78@slate.com,Male,85 Old Shore Crossing,487-596-3362,Iligan City
262,Dyane,Bastock,dbastock79@paypal.com,Female,58 Shopko Trail,998-150-7844,Kaduketug
263,Alexandra,Cowlas,acowlas7a@salon.com,Female,804 Lunder Avenue,434-193-1073,Siruma
264,Clarette,Cohalan,ccohalan7b@europa.eu,Female,6924 Susan Avenue,370-615-8499,Liping
265,Raye,Madgwich,rmadgwich7c@mtv.com,Female,6 Sachs Road,143-857-7780,Duiwelskloof
266,Zacharia,McEntagart,zmcentagart7d@i2i.jp,Male,11 Briar Crest Street,436-355-8989,Embarcación
267,Othelia,Gunning,ogunning7e@ca.gov,Female,5 Brentwood Alley,339-399-7928,Chão de Couce
268,Jephthah,Gibard,jgibard7f@msu.edu,Male,1 Main Drive,556-346-8313,Shuyuan
269,Art,Northridge,anorthridge7g@networksolutions.com,Male,69655 Sunbrook Park,735-151-1545,Maanĭt
270,Neel,Moodie,nmoodie7h@tinyurl.com,Male,06836 Johnson Road,546-677-4275,Guadalupe
271,Damaris,Durtnel,ddurtnel7i@kickstarter.com,Female,71311 Bonner Trail,171-802-7507,Sandia
272,Merrel,Kinastan,mkinastan7j@so-net.ne.jp,Male,7 Grim Lane,718-754-9796,Bronx
273,Randell,Calderbank,rcalderbank7k@typepad.com,Male,61502 Haas Center,578-448-9780,Kunjāh
274,Nanni,Calverd,ncalverd7l@census.gov,Female,9631 Karstens Street,439-195-5237,Žatec
275,Wayland,Sepey,wsepey7m@bbb.org,Male,34 Dryden Avenue,434-959-4908,Madoi
276,Monroe,Trustram,mtrustram7n@newsvine.com,Male,53022 Mifflin Hill,701-234-0534,Kirzhach
277,Jelene,Dairton,jdairton7o@upenn.edu,Female,758 Carpenter Street,409-105-2598,Loja
278,Selinda,Craythorne,scraythorne7p@bandcamp.com,Female,2977 Merry Road,505-243-8424,Cauto Cristo
279,Brewer,Tenant,btenant7q@canalblog.com,Male,86700 Alpine Alley,120-521-4936,Žďár
280,Jephthah,Delong,jdelong7r@unc.edu,Male,4 Chinook Alley,191-706-3676,Tiandu
281,Reilly,Phillins,rphillins7s@xing.com,Male,93035 Lukken Trail,282-325-4734,Cimo de Vila
282,Dona,Thornley,dthornley7t@diigo.com,Female,997 Del Mar Pass,631-528-9100,Voznesen’ye
283,Lorna,Climie,lclimie7u@xing.com,Female,9 Kim Circle,403-955-7139,Gribanovskiy
284,Leonard,Pauling,lpauling7v@de.vu,Male,8 Packers Parkway,289-366-6803,Mojkovac
285,Cristabel,Grasser,cgrasser7w@webnode.com,Female,276 Truax Parkway,686-192-3443,Kusak
286,Gianni,Pantone,gpantone7x@nhs.uk,Male,8703 Quincy Way,210-421-5557,Jagodina
287,Alwin,Feedham,afeedham7y@myspace.com,Male,41 Montana Plaza,523-643-7706,Byala Slatina
288,Nicolette,Runsey,nrunsey7z@wikispaces.com,Female,32954 Esker Street,363-563-8911,Lizi
289,Dene,Miettinen,dmiettinen80@tuttocitta.it,Male,2026 Crest Line Parkway,738-425-6169,Bekasi
290,Welby,Sawl,wsawl81@qq.com,Male,7 Elka Avenue,974-981-2848,Wangping
291,Ula,Allabush,uallabush82@psu.edu,Female,20000 Burrows Court,391-246-0658,Ratíškovice
292,Tanner,Tume,ttume83@cloudflare.com,Male,79 Crest Line Avenue,227-284-5912,Saari
293,Finn,Leman,fleman84@slideshare.net,Male,00 Anthes Trail,136-971-1749,Chitré
294,Rae,Warrick,rwarrick85@tuttocitta.it,Female,315 Elka Junction,874-143-4779,Cochadas
295,Marcile,Studdard,mstuddard86@vinaora.com,Female,8 Morning Trail,704-141-4701,Ryjewo
296,Mel,Benasik,mbenasik87@cnet.com,Male,80 Continental Park,876-382-5644,Lingyuan
297,Cynthie,Eakins,ceakins88@webs.com,Female,4653 Tennyson Court,669-416-3217,Aurora
298,Shea,Townsley,stownsley89@sogou.com,Male,12 Crowley Center,918-417-3679,Cabreúva
299,Errol,Petroff,epetroff8a@state.tx.us,Male,1 Bunker Hill Court,637-546-2714,Vysotsk
300,Penny,Ridewood,pridewood8b@time.com,Female,708 Fairview Point,523-246-3231,San Antonio
301,Alexis,Padbury,apadbury8c@fda.gov,Female,4 Summerview Point,621-868-5736,Międzyzdroje
302,Nonnah,Paylor,npaylor8d@imageshack.us,Female,08 Corben Place,230-820-3857,Lanús
303,Zabrina,Curcher,zcurcher8e@umn.edu,Female,84 Pepper Wood Pass,464-959-9124,Maraã
304,Cleavland,Treneer,ctreneer8f@geocities.com,Male,9 Gina Place,723-308-9883,Xinshichang
305,Dyanne,Springle,dspringle8g@indiegogo.com,Female,58 Dryden Street,831-768-0216,Jintan
306,Maura,Nayshe,mnayshe8h@simplemachines.org,Female,1 Westerfield Way,901-401-0755,Jesús María
307,Anni,Robecon,arobecon8i@home.pl,Female,898 Northridge Crossing,559-599-8171,Tuateta
308,Wesley,Godain,wgodain8j@jigsy.com,Male,383 Monterey Lane,344-801-7685,Leiguan
309,Grady,Guppie,gguppie8k@noaa.gov,Male,6690 Rutledge Court,300-650-4928,Cumanayagua
310,Ulrick,Kennelly,ukennelly8l@dot.gov,Male,66704 Cardinal Center,280-453-7508,Okazaki
311,Mora,Adamkiewicz,madamkiewicz8m@trellian.com,Female,64 Calypso Avenue,729-231-5557,Wang Sombun
312,Kacey,De Vuyst,kdevuyst8n@deliciousdays.com,Female,04 Northland Place,666-296-2811,Yuanqiao
313,Easter,Galbraeth,egalbraeth8o@nps.gov,Female,46649 Gulseth Place,133-875-6905,Beizhuang
314,Killy,Matasov,kmatasov8p@sogou.com,Male,4 Kim Circle,132-180-7103,Dadukou
315,Bondy,Unwin,bunwin8q@china.com.cn,Male,24 Lillian Court,568-113-3750,Fukuroi
316,Bren,Ivashchenko,bivashchenko8r@symantec.com,Male,5409 Oneill Plaza,878-175-5488,Fylí
317,Norris,Claige,nclaige8s@cbc.ca,Male,481 Carey Avenue,936-269-6593,Staroyur’yevo
318,Hogan,Essel,hessel8t@sbwire.com,Male,86 Quincy Center,119-216-6204,Usa River
319,Adrian,Connichie,aconnichie8u@scribd.com,Female,9706 Mandrake Court,563-955-9383,Guangli
320,Cece,Harker,charker8v@miibeian.gov.cn,Male,29634 Monica Pass,375-100-8656,Şabāḩ as Sālim
321,Kiele,Dimbylow,kdimbylow8w@ucoz.ru,Female,9 Pearson Park,717-940-9360,Harrisburg
322,Cathrin,Bench,cbench8x@about.com,Female,890 Killdeer Avenue,431-860-6245,Kaustinen
323,Tobias,Yashanov,tyashanov8y@time.com,Male,1836 4th Park,974-699-0474,Māmūnīyeh
324,Laird,Sendall,lsendall8z@ca.gov,Male,0 Fisk Hill,717-155-4298,Heshi
325,Babs,Habron,bhabron90@yellowpages.com,Female,78349 Del Mar Plaza,434-495-5501,Katav-Ivanovsk
326,Ford,Dahlborg,fdahlborg91@businessinsider.com,Male,0637 Sachs Avenue,407-791-9078,Touba
327,Devland,Vinau,dvinau92@nasa.gov,Male,331 Towne Lane,626-190-0181,Rtishchevo
328,Izzy,Purveys,ipurveys93@dion.ne.jp,Male,60 Katie Alley,564-339-7122,Bender
329,Merci,Arnet,marnet94@fda.gov,Female,95 Rowland Center,476-217-1738,Lille
330,Belinda,Domonkos,bdomonkos95@statcounter.com,Female,8 Merrick Alley,879-265-6262,Konso
331,Gonzales,Garvin,ggarvin96@usa.gov,Male,0 Boyd Trail,705-533-7462,Alarobia
332,Lars,Spears,lspears97@addtoany.com,Male,9 Hooker Plaza,630-632-7507,Bŭka
333,Dugald,Conkling,dconkling98@comcast.net,Male,2 Bonner Street,814-490-6847,Mīrpur Māthelo
334,Josiah,Alyoshin,jalyoshin99@wikimedia.org,Male,1370 Hanover Terrace,232-989-4291,Biga
335,Laurence,Pietsma,lpietsma9a@usatoday.com,Male,70 Kenwood Point,254-705-3591,Salekhard
336,Christophorus,MacGowing,cmacgowing9b@who.int,Male,2862 Mifflin Alley,687-825-5893,Laxey
337,Sutherlan,Kimble,skimble9c@woothemes.com,Male,0040 Stone Corner Drive,227-810-3469,Beibao
338,Kayne,Duthie,kduthie9d@yellowbook.com,Male,54 Fremont Plaza,831-320-5700,Guan’e
339,Filberte,Townley,ftownley9e@cloudflare.com,Male,0 Russell Avenue,443-574-9974,Baltimore
340,Danica,Jessep,djessep9f@businessinsider.com,Female,8 Darwin Trail,236-157-2935,Cadagmayan Norte
341,Elnora,Dibnah,edibnah9g@macromedia.com,Female,17856 Nobel Parkway,463-325-0444,Dianbu
342,Kelly,Kestle,kkestle9h@posterous.com,Female,1 Summerview Parkway,636-489-0998,Néa Ionía
343,Kevina,Petheridge,kpetheridge9i@elegantthemes.com,Female,35960 Burrows Court,183-216-6518,Apaga
344,Mylo,Trice,mtrice9j@dmoz.org,Male,0115 Becker Lane,433-207-2887,Yong’an
345,Bertram,Castanho,bcastanho9k@nhs.uk,Male,46 Bluejay Parkway,973-293-0723,Skarbimierz Osiedle
346,Burton,Merfin,bmerfin9l@amazonaws.com,Male,86 Duke Trail,542-657-8882,Baranovichi
347,Gerick,De Clairmont,gdeclairmont9m@ed.gov,Male,1 Namekagon Pass,123-252-9857,Maradi
348,Blythe,Barhims,bbarhims9n@indiatimes.com,Female,59357 Clemons Park,958-512-3178,Church End
349,Meghan,Patching,mpatching9o@nsw.gov.au,Female,741 Myrtle Road,198-569-6163,Novovladykino
350,Tiffani,MacIlurick,tmacilurick9p@is.gd,Female,0152 Namekagon Point,709-894-2287,Tulay
351,Dani,Clohissy,dclohissy9q@huffingtonpost.com,Male,337 Jenifer Alley,457-641-3060,Rawa Satu
352,Breanne,Wildin,bwildin9r@mayoclinic.com,Female,05 David Point,954-121-2408,Fort Lauderdale
353,Maude,Bermingham,mbermingham9s@gizmodo.com,Female,9 Elka Trail,100-909-5014,Fatufaun
354,Imojean,Hallstone,ihallstone9t@wsj.com,Female,0 Washington Parkway,216-740-4812,Las Americas
355,Gabriela,Mayling,gmayling9u@prweb.com,Female,38 Rockefeller Lane,338-195-6898,Kōnan
356,Margarethe,Baselli,mbaselli9v@state.tx.us,Female,7 Gateway Plaza,818-960-6174,Bento Gonçalves
357,Alford,Eustice,aeustice9w@plala.or.jp,Male,3999 Hermina Hill,815-208-9904,Budapest
358,Darius,Lee,dlee9x@alibaba.com,Male,76 Crescent Oaks Avenue,286-800-7756,Tunguang
359,Min,Roylance,mroylance9y@foxnews.com,Female,899 Loeprich Trail,856-644-5004,Yuta
360,Corie,Sudlow,csudlow9z@newyorker.com,Female,014 Rigney Hill,196-557-0634,Sigay
361,Lin,Puttick,lputticka0@discuz.net,Female,38 Del Sol Way,476-852-9418,Mayo
362,Tallie,Vel,tvela1@photobucket.com,Male,5925 Havey Hill,424-540-1542,Aţ Ţawīlah
363,Felizio,Lummasana,flummasanaa2@epa.gov,Male,045 Dexter Parkway,251-713-8561,Zhaizigou
364,Johannah,Kubyszek,jkubyszeka3@ycombinator.com,Female,3954 Iowa Alley,808-433-6903,Tocumen
365,Patrica,Cruickshank,pcruickshanka4@ovh.net,Female,35 Mendota Place,693-553-4723,Winton
366,Nan,Pearcey,npearceya5@wordpress.org,Female,495 Dakota Drive,492-460-8404,Ghayl Bā Wazīr
367,Kelly,Franklyn,kfranklyna6@epa.gov,Male,9829 Buena Vista Way,696-423-3717,Changhua
368,Jim,Haygreen,jhaygreena7@rediff.com,Male,08 Express Junction,227-142-9745,Wulin
369,Shaine,Gloves,sglovesa8@joomla.org,Male,4839 Bowman Parkway,492-411-4173,Solingen
370,Robinia,Cotter,rcottera9@last.fm,Female,513 Moose Center,900-373-8289,Odoyev
371,Linn,Chattaway,lchattawayaa@php.net,Female,2032 Walton Way,189-524-5492,Salas
372,Suzie,Phipson,sphipsonab@cisco.com,Female,2659 East Terrace,801-659-5598,Buenavista
373,Cristian,Polding,cpoldingac@usa.gov,Male,586 Blue Bill Park Parkway,302-221-4803,Silca
374,Nora,Coton,ncotonad@oakley.com,Female,26752 Hudson Pass,710-505-4554,Mankoeng
375,Mortie,Hewell,mhewellae@fema.gov,Male,67 Roxbury Court,996-451-2523,Dingzigu
376,Pablo,Tort,ptortaf@plala.or.jp,Male,30659 Blue Bill Park Alley,333-585-0556,Hongyang
377,Shayna,Coller,scollerag@nydailynews.com,Female,8493 Brown Avenue,191-633-0790,Storvreta
378,Jule,McGerraghty,jmcgerraghtyah@mozilla.com,Male,8398 Northwestern Drive,303-589-4288,Babushkin
379,Eleanor,Lambrechts,elambrechtsai@telegraph.co.uk,Female,04807 Utah Plaza,504-513-7119,Jedlnia-Letnisko
380,Georgena,Tabbitt,gtabbittaj@wunderground.com,Female,561 Northfield Point,152-468-6032,Huoqiu Chengguanzhen
381,Alissa,Volonte,avolonteak@moonfruit.com,Female,0 Spenser Avenue,110-879-6961,Öjebyn
382,Elsy,Morsey,emorseyal@amazon.com,Female,44 West Avenue,129-126-9305,Songyuan
383,Vivyan,Mohan,vmohanam@stanford.edu,Female,2838 Sherman Court,349-876-4153,Kebon
384,Hilario,Clipston,hclipstonan@ucoz.com,Male,8552 Village Green Terrace,558-974-2677,Linglu
385,Orlando,Libbis,olibbisao@accuweather.com,Male,5 Farmco Junction,159-517-9345,Soanierana Ivongo
386,Leona,Meins,lmeinsap@hatena.ne.jp,Female,80990 Pond Alley,460-839-6645,Cansolungon
387,Reiko,Manicomb,rmanicombaq@census.gov,Female,652 Sunfield Pass,230-832-3289,Kuanfeu
388,Kaycee,Simecek,ksimecekar@so-net.ne.jp,Female,79 Randy Road,253-152-5920,Conception Bay South
389,Miguela,Tremelling,mtremellingas@indiatimes.com,Female,05435 Banding Court,258-958-9228,Umanday Centro
390,Cirilo,Corringham,ccorringhamat@reuters.com,Male,0 La Follette Lane,601-250-2836,Khlong Luang
391,Winifred,Malam,wmalamau@microsoft.com,Female,6109 Dunning Drive,167-614-8111,Landivisiau
392,Bari,Spring,bspringav@howstuffworks.com,Female,063 Towne Court,635-554-7382,Västerås
393,Charlena,Zanicchelli,czanicchelliaw@mail.ru,Female,0091 Parkside Center,328-259-8844,Umeå
394,Ingram,Fanner,ifannerax@yandex.ru,Male,76944 Hanson Way,957-278-5589,Ekasapta
395,Lissi,Plummer,lplummeray@buzzfeed.com,Female,43671 Evergreen Avenue,864-584-6066,Yuyapichis
396,Mallissa,Scimone,mscimoneaz@google.co.uk,Female,210 Portage Street,666-816-9125,Dongjia
397,Louisette,Cave,lcaveb0@feedburner.com,Female,3483 Arrowood Parkway,198-855-6059,Brétigny-sur-Orge
398,Hale,Nerval,hnervalb1@washingtonpost.com,Male,70751 Summit Avenue,551-881-2528,Kota Kinabalu
399,Paulette,Mulvihill,pmulvihillb2@techcrunch.com,Female,566 Artisan Avenue,303-531-7011,Casma
400,Salomo,Pook,spookb3@aboutads.info,Male,95 Jenna Trail,942-457-6795,Jerada
401,Carie,Rainger,craingerb4@flavors.me,Female,1 Carpenter Place,742-402-2003,Hengshitang
402,Trude,Botcherby,tbotcherbyb5@angelfire.com,Female,792 Waywood Circle,273-595-2490,Břeclav
403,Hazel,Dowtry,hdowtryb6@networkadvertising.org,Female,04 Ilene Junction,513-833-8495,Tombatu
404,Zondra,Worland,zworlandb7@jalbum.net,Female,94 Lighthouse Bay Hill,966-555-9868,Chengnan
405,Thom,Reah,treahb8@fc2.com,Male,566 Jenna Court,302-659-7689,Alcantara
406,Leontyne,McLoney,lmcloneyb9@themeforest.net,Female,343 Northfield Plaza,262-928-5452,Świnna
407,Ryan,Tivolier,rtivolierba@google.de,Male,7103 Hoard Plaza,819-661-4555,Yuta
408,Felice,Brolechan,fbrolechanbb@privacy.gov.au,Female,83851 Coolidge Avenue,948-534-1966,Shantou
409,Jared,Schulke,jschulkebc@networkadvertising.org,Male,0 Weeping Birch Alley,968-996-9833,Puerto Quellón
410,Laryssa,Balducci,lbalduccibd@aboutads.info,Female,8 Golf View Point,985-791-4248,Chashnikovo
411,Tadeas,Pettisall,tpettisallbe@opera.com,Male,6 Anzinger Pass,242-401-1488,Vyšší Brod
412,Elvyn,Bratchell,ebratchellbf@qq.com,Male,529 Old Shore Lane,841-229-2354,Rtyně v Podkrkonoší
413,Lorettalorna,Hexham,lhexhambg@vistaprint.com,Female,160 Lakewood Gardens Hill,668-929-0230,Gaoshi
414,Bevvy,Reidshaw,breidshawbh@state.gov,Female,8 Meadow Ridge Junction,443-775-2325,Heihe
415,Raphaela,Allsebrook,rallsebrookbi@tinypic.com,Female,641 Schlimgen Way,633-566-7474,Kasamatsuchō
416,Cass,Holyland,cholylandbj@imdb.com,Female,38 Kim Alley,425-538-1195,Susoh
417,Rodrick,Tiltman,rtiltmanbk@example.com,Male,90073 Summer Ridge Place,117-688-9622,Margherita
418,Jsandye,Abdon,jabdonbl@hibu.com,Female,0 Ohio Pass,703-893-5045,Arlington
419,Farrand,Scramage,fscramagebm@theglobeandmail.com,Female,14247 Pepper Wood Center,127-962-5838,Rado
420,Alessandro,Di Biagio,adibiagiobn@hc360.com,Male,06739 Oriole Lane,252-522-0401,Shujāābād
421,Barbey,McCome,bmccomebo@youku.com,Female,9589 Beilfuss Place,605-629-7534,Yanwukou
422,Viviene,Enticknap,venticknapbp@bloomberg.com,Female,9 Brickson Park Center,545-894-3845,Clogherhead
423,Rosco,Castaignet,rcastaignetbq@amazon.com,Male,9 Lindbergh Road,223-555-5679,Rajhrad
424,Gaylor,Liversidge,gliversidgebr@oracle.com,Male,6069 Transport Center,177-865-8692,Julita
425,Palm,Cashman,pcashmanbs@cnn.com,Male,7 Dayton Hill,448-784-3214,Xiache
426,Franciska,Skamell,fskamellbt@clickbank.net,Female,80751 Crest Line Parkway,257-639-0989,Oldřišov
427,Kiley,Talby,ktalbybu@soundcloud.com,Male,71 Sheridan Avenue,631-312-6131,Yershov
428,Sashenka,Wycliff,swycliffbv@hp.com,Female,98 Acker Parkway,643-183-6695,Suleja
429,Gert,Scates,gscatesbw@vinaora.com,Female,62 Calypso Junction,362-412-8449,Shichuan
430,Bibby,Bill,bbillbx@time.com,Female,698 Merchant Pass,204-498-7512,Lian
431,Cris,Tampion,ctampionby@dropbox.com,Male,07174 Hoffman Court,608-438-8076,Nam Khun
432,Lavena,Maffeo,lmaffeobz@prlog.org,Female,2558 Harbort Lane,379-638-2715,Quwaysinā
433,Camille,Purviss,cpurvissc0@symantec.com,Female,91 Aberg Way,518-359-9454,Chengbei
434,Dulce,Craxford,dcraxfordc1@stumbleupon.com,Female,6756 Annamark Parkway,430-874-6258,Weifang
435,Chandra,Warder,cwarderc2@youku.com,Female,3733 Sloan Terrace,853-974-8274,Al Mashāf
436,Tess,Askew,taskewc3@hatena.ne.jp,Female,73 Heffernan Drive,171-491-0643,Niebocko
437,Hildy,Bugge,hbuggec4@toplist.cz,Female,82650 8th Point,186-579-1783,Pedregulho
438,Bernita,Hughes,bhughesc5@redcross.org,Female,329 Di Loreto Lane,238-904-1077,Klampis
439,Kass,Shaul,kshaulc6@hubpages.com,Female,79 Bluestem Parkway,354-192-7335,Santana
440,Filide,Mangham,fmanghamc7@1und1.de,Female,36 Moose Road,487-955-5314,Batken
441,Desmund,Librey,dlibreyc8@scribd.com,Male,9479 Johnson Center,172-864-7197,Shirbīn
442,Benito,Claridge,bclaridgec9@themeforest.net,Male,13915 Kedzie Trail,665-585-9265,Nové Město nad Metují
443,Tiff,Meugens,tmeugensca@nps.gov,Female,9509 Buhler Lane,696-738-6427,Yakimovo
444,Audie,Frapwell,afrapwellcb@mashable.com,Female,54631 Lukken Crossing,903-530-3017,Tembang
445,Calhoun,Grastye,cgrastyecc@aboutads.info,Male,06 Commercial Avenue,299-396-2465,Cowansville
446,Xever,Frankish,xfrankishcd@feedburner.com,Male,06706 Rigney Circle,168-741-7463,Gampang
447,Pavel,Hayball,phayballce@princeton.edu,Male,151 Petterle Junction,136-580-7792,Chengdong
448,Zabrina,Gogerty,zgogertycf@indiegogo.com,Female,4 Gulseth Center,920-688-5640,Asquipata
449,Mufi,Gilhool,mgilhoolcg@sina.com.cn,Female,97 Oriole Hill,394-422-0648,København
450,Phil,Vinter,pvinterch@deliciousdays.com,Male,83 Jackson Park,531-640-7181,Kowingir
451,Ibby,Lehemann,ilehemannci@spiegel.de,Female,10281 Eliot Plaza,655-674-7614,Castanheira
452,Artus,Bellfield,abellfieldcj@dot.gov,Male,10 Oneill Trail,413-477-8553,Zmeyskaya
453,Nerta,Grinnov,ngrinnovck@ycombinator.com,Female,100 Dwight Center,382-449-9596,Oula Xiuma
454,Mirabelle,Bentame,mbentamecl@fda.gov,Female,2605 Walton Point,193-152-9597,Korsun’-Shevchenkivs’kyy
455,Bendicty,Reilingen,breilingencm@usgs.gov,Male,2 Bunting Junction,141-273-4957,Kolyubakino
456,Alisa,Iacomi,aiacomicn@multiply.com,Female,09281 Old Shore Terrace,335-427-8796,Aileu
457,Gwyneth,Coate,gcoateco@a8.net,Female,34 Canary Point,993-561-7717,Palermo
458,Dosi,Pendlebury,dpendleburycp@samsung.com,Female,46832 Pepper Wood Crossing,676-672-9330,Lakki Marwat
459,Ian,Bayle,ibaylecq@nyu.edu,Male,91 Vidon Junction,277-589-4182,Bishkek
460,Dasha,Toopin,dtoopincr@about.me,Female,5438 Roxbury Lane,731-801-0669,Panbang
461,Nalani,Coltman,ncoltmancs@army.mil,Female,88 Buhler Drive,837-143-7187,Thaton
462,Pinchas,Praill,ppraillct@yellowbook.com,Male,57 Mcguire Junction,223-350-5575,Dobřany
463,Hi,Mellodey,hmellodeycu@google.co.uk,Male,846 Annamark Way,512-167-7197,Meilong
464,Van,Dungey,vdungeycv@wikimedia.org,Female,2 Sage Crossing,526-651-1429,Yŏnggwang-ŭp
465,Cris,Clinnick,cclinnickcw@nps.gov,Male,24316 Truax Plaza,578-492-8501,Macieira de Rates
466,Fay,Petrillo,fpetrillocx@unc.edu,Female,6 Portage Avenue,401-445-4291,Sobo
467,Willa,Cockshott,wcockshottcy@ca.gov,Female,58874 Oxford Terrace,588-877-0667,Trollhättan
468,Elsi,Aldcorne,ealdcornecz@mapquest.com,Female,84446 Westport Road,813-417-3126,Pantukan
469,Leeland,Kernoghan,lkernoghand0@tripadvisor.com,Male,9750 Magdeline Road,141-507-9826,Hasuda
470,Barb,Charlet,bcharletd1@delicious.com,Female,6428 Lyons Park,205-771-2248,Pristina
471,Bruno,Ziehms,bziehmsd2@storify.com,Male,2786 Buena Vista Circle,217-484-9960,Mólos
472,Trumann,de Najera,tdenajerad3@jugem.jp,Male,594 Center Center,171-964-1470,San Juan
473,Sindee,Hearnes,shearnesd4@posterous.com,Female,812 Eggendart Trail,269-120-6656,R S
474,Carlie,Keuneke,ckeuneked5@macromedia.com,Male,7462 Arizona Terrace,806-134-3927,Orocuina
475,Gustave,O'Duilleain,goduilleaind6@mysql.com,Male,5 Vidon Circle,393-699-7116,Tromsø
476,Debbie,Gimblett,dgimblettd7@shutterfly.com,Female,9 Troy Avenue,648-753-2366,Söderhamn
477,Demetria,Petkov,dpetkovd8@microsoft.com,Female,1 Tony Center,428-330-7814,Waru
478,Vinny,Kewish,vkewishd9@nih.gov,Male,18 Northport Junction,219-686-1311,Taiyang
479,Konstantine,Sherington,ksheringtonda@adobe.com,Male,66271 Kedzie Parkway,838-696-4233,Mengenkrajan
480,Leilah,Ledrun,lledrundb@friendfeed.com,Female,86 Waubesa Trail,998-351-5987,Dno
481,Halsy,Derham,hderhamdc@typepad.com,Male,0744 Merchant Hill,882-504-8286,Kawit
482,Helen,Sherwood,hsherwooddd@accuweather.com,Female,74 Waywood Junction,955-451-1762,Ban Phue
483,Rhys,Crennell,rcrennellde@purevolume.com,Male,751 Nancy Parkway,604-815-8416,Wutongkou
484,Zolly,MacClure,zmaccluredf@about.com,Male,6491 Roxbury Circle,856-525-9977,Tehetu
485,Marleen,Rakestraw,mrakestrawdg@twitter.com,Female,7 4th Avenue,600-824-3298,Parang
486,Ike,Bernardini,ibernardinidh@telegraph.co.uk,Male,370 Delladonna Alley,312-694-2956,Chicago
487,Fanya,Biskupski,fbiskupskidi@indiatimes.com,Female,29370 5th Junction,636-144-0820,Shumikha
488,Antonella,Eliesco,aeliescodj@blog.com,Female,59550 Heath Plaza,428-775-7002,Melaka
489,Abba,Stracey,astraceydk@gov.uk,Male,819 Hudson Pass,103-975-0947,Ucuncha
490,Wain,Felmingham,wfelminghamdl@blogspot.com,Male,84 Scofield Parkway,812-454-1564,Beit Horon
491,Laryssa,Sperski,lsperskidm@weibo.com,Female,4492 Melrose Parkway,601-510-7520,Kombapari
492,Phineas,Martinson,pmartinsondn@home.pl,Male,45834 Coleman Junction,147-981-1523,Quesada
493,Rafe,Belvard,rbelvarddo@seesaa.net,Male,74620 Eastwood Pass,771-974-3629,Cerro de Pasco
494,Anabella,Phillipson,aphillipsondp@amazonaws.com,Female,78 Karstens Court,416-978-7347,Borås
495,Iggie,Trengove,itrengovedq@reference.com,Male,5649 Oak Way,787-120-0076,Caicara
496,Hanna,Freckelton,hfreckeltondr@paypal.com,Female,1989 Claremont Alley,570-652-5530,Banjar Bali
497,Dierdre,Douty,ddoutyds@ycombinator.com,Female,7652 Sutteridge Hill,374-607-9683,Mafa
498,Ninon,Ladell,nladelldt@time.com,Female,7417 Sage Lane,943-764-6726,Uk
499,Tobit,Ower,towerdu@jugem.jp,Male,51606 Randy Alley,670-611-7912,Huangtugang
500,Gregor,Feenan,gfeenandv@smh.com.au,Male,9 Ridge Oak Park,176-685-6717,Sanxing
501,Giana,Scole,gscoledw@cisco.com,Female,13 Meadow Valley Place,390-461-8323,General Belgrano
502,Ario,Meldon,ameldondx@timesonline.co.uk,Male,0 Meadow Vale Junction,817-546-4442,Mokil
503,Michal,McKinnon,mmckinnondy@shareasale.com,Female,2336 Waywood Alley,939-984-7359,Kunashak
504,Windham,Leavey,wleaveydz@xinhuanet.com,Male,16493 Crest Line Park,404-374-3985,Duluth
505,Doria,Horley,dhorleye0@prlog.org,Female,3 Prairieview Junction,875-106-3419,Denov
506,Wilburt,Esland,weslande1@cdc.gov,Male,39 School Park,377-590-5166,Susanino
507,Vance,Yitzhakof,vyitzhakofe2@bluehost.com,Male,1 Dunning Plaza,391-659-1117,Rancabolang
508,Lin,Krysztofiak,lkrysztofiake3@g.co,Female,21721 Merry Trail,262-915-8378,Xinghua
509,Shawn,Hickisson,shickissone4@arizona.edu,Male,1 Kenwood Junction,291-672-7330,Borek
510,Drusie,Sparsholt,dsparsholte5@so-net.ne.jp,Female,589 Northland Circle,577-848-7928,Pangkalan
511,Joseito,Verecker,jvereckere6@quantcast.com,Male,36823 Fairview Junction,361-812-0212,Arthur’s Town
512,Adara,Emmer,aemmere7@tripod.com,Female,43164 Forest Dale Center,991-493-3065,Néa Kíos
513,Charyl,Klain,cklaine8@comcast.net,Female,85 Schiller Drive,948-356-8347,Palma De Mallorca
514,Sibeal,Milius,smiliuse9@symantec.com,Female,71 Killdeer Place,545-890-4703,Yelan’-Kolenovskiy
515,Brook,Kuhnert,bkuhnertea@statcounter.com,Female,671 Green Alley,755-587-9748,Priyutovo
516,Mikey,Estevez,mestevezeb@reuters.com,Male,0 Washington Parkway,969-538-3507,Si Narong
517,Farah,Rutland,frutlandec@list-manage.com,Female,16557 Shopko Parkway,556-679-0692,Pantano do Sul
518,Thorstein,Gooders,tgoodersed@printfriendly.com,Male,283 Anderson Trail,951-778-8012,Motala
519,Barbee,Aspin,baspinee@linkedin.com,Female,04023 Buell Street,905-135-1922,Würzburg
520,Bobbette,Sherrock,bsherrockef@ebay.com,Female,058 Jenifer Center,672-857-1395,Dukuhturi
521,Rudyard,Spry,rspryeg@irs.gov,Male,9969 Northport Crossing,197-213-3223,Tewulike
522,Dominga,Linch,dlincheh@e-recht24.de,Female,58 Bayside Road,431-954-8507,Mancogeh
523,Ezmeralda,Alten,ealtenei@ifeng.com,Female,31 Dexter Pass,703-513-4132,Bantawora
524,Shelby,McGreary,smcgrearyej@state.gov,Male,024 Vera Place,247-766-6023,Kampong Chhnang
525,Hermie,Markwelley,hmarkwelleyek@nifty.com,Male,22 Saint Paul Hill,447-341-3242,Chagoda
526,Cristiano,Tart,ctartel@ft.com,Male,8879 Green Ridge Crossing,317-100-5451,Nikopol
527,Almeda,Brimham,abrimhamem@xinhuanet.com,Female,7422 David Road,297-326-3113,Urshel’skiy
528,Harper,Wistance,hwistanceen@furl.net,Male,26 Fisk Point,708-287-7672,Unión
529,Chickie,Lendrem,clendremeo@usda.gov,Male,55158 Algoma Avenue,690-146-2467,Närpes
530,Barbara-anne,Brusle,bbrusleep@stumbleupon.com,Female,1523 Bonner Trail,312-961-7650,Palalang
531,Carrie,Barrus,cbarruseq@t.co,Female,92580 Nelson Hill,161-590-5973,Challans
532,Cyrille,Grocutt,cgrocutter@blog.com,Male,3 Mitchell Avenue,193-136-6323,Madoi
533,Gertie,Remmer,gremmeres@hatena.ne.jp,Female,3198 Everett Court,489-363-1981,Miaotou
534,Abba,Roller,arolleret@gizmodo.com,Male,1 Cody Place,259-340-1226,Umm as Sāhik
535,Dietrich,Grimsdyke,dgrimsdykeeu@naver.com,Male,127 Russell Terrace,233-362-7566,Sourotí
536,Darby,Bette,dbetteev@sbwire.com,Male,53409 Warrior Circle,133-916-5018,Las Yaras
537,Reed,Garrad,rgarradew@usnews.com,Male,33706 Pearson Way,946-326-6283,Herrljunga
538,Issiah,Doni,idoniex@studiopress.com,Male,89 Pierstorff Plaza,606-364-1966,Luci
539,Ahmad,Gourlay,agourlayey@dropbox.com,Male,65 Waxwing Place,342-389-7736,Qiaodong
540,Urban,Cumberpatch,ucumberpatchez@springer.com,Male,39 Porter Road,759-599-3080,Simimbaan
541,Berny,Bish,bbishf0@liveinternet.ru,Female,857 Dovetail Center,273-657-6029,Sumbergebang
542,Shaw,Hanna,shannaf1@imdb.com,Male,295 Truax Center,456-367-4116,Al Maḩallah al Kubrá
543,Jeffrey,Soar,jsoarf2@mac.com,Male,7641 Graedel Junction,443-921-2336,Kabor
544,Lek,Benardeau,lbenardeauf3@bloglovin.com,Male,303 Lillian Way,671-161-5379,Tenggina Daya
545,Catherine,Barth,cbarthf4@google.co.jp,Female,447 Fisk Parkway,545-340-8972,Göteborg
546,Robenia,De Beauchamp,rdebeauchampf5@state.tx.us,Female,5822 Loomis Alley,580-199-0598,Fenkeng
547,Les,Guitton,lguittonf6@people.com.cn,Male,04329 Old Shore Plaza,163-962-4031,Guagua
548,Meriel,Baroc,mbarocf7@kickstarter.com,Female,381 Bayside Terrace,339-394-9680,Wuxia
549,Kerrill,Fosten,kfostenf8@istockphoto.com,Female,1389 Claremont Point,396-511-6838,Koson Shahri
550,Celestia,Wenden,cwendenf9@soup.io,Female,69215 Springview Road,822-472-9957,Wanfang
551,Eugenio,Revie,ereviefa@mapquest.com,Male,43009 Hudson Center,563-453-8440,Jugezhuang
552,Gideon,Hellin,ghellinfb@ucoz.ru,Male,1803 Bartillon Street,623-482-7631,Västerås
553,Ali,Starkey,astarkeyfc@taobao.com,Female,7 Ohio Center,242-582-0897,Sinacaban
554,Enoch,Hestrop,ehestropfd@parallels.com,Male,3501 Kenwood Place,750-415-1058,Nanping
555,Ellette,Dell 'Orto,edellortofe@unblog.fr,Female,824 Sommers Parkway,848-528-7217,Idvor
556,Donavon,Culvey,dculveyff@noaa.gov,Male,08517 Loftsgordon Hill,557-421-7245,Kamennogorsk
557,Verena,Duffitt,vduffittfg@yahoo.com,Female,067 Sachs Center,588-528-4948,Obock
558,Shae,Gartery,sgarteryfh@symantec.com,Male,008 Anderson Avenue,726-719-2763,Tanjay
559,Cissy,Bazek,cbazekfi@jugem.jp,Female,692 Westend Trail,874-844-1897,Kadoma
560,Hurleigh,McGrudder,hmcgrudderfj@exblog.jp,Male,6933 Meadow Vale Point,102-990-5395,Marsaxlokk
561,Janot,Drysdell,jdrysdellfk@qq.com,Female,9072 Shopko Hill,763-679-1911,Jovellar
562,Ogdon,Aloway,oalowayfl@icio.us,Male,9 6th Plaza,730-240-6041,Lordelo
563,Justen,Waumsley,jwaumsleyfm@amazon.co.uk,Male,092 Reinke Alley,773-792-3815,Hägersten
564,Ozzie,Perutto,operuttofn@addtoany.com,Male,47542 American Ash Plaza,489-312-9586,Allen
565,Katya,Dickerson,kdickersonfo@amazon.co.uk,Female,74362 Oriole Avenue,862-390-4662,Roches Noire
566,Salomon,Rushe,srushefp@amazonaws.com,Male,3244 Macpherson Crossing,279-682-6560,San Remigio
567,Ricard,Patis,rpatisfq@virginia.edu,Male,0 Fair Oaks Terrace,347-755-2536,Penhold
568,Shane,Meagher,smeagherfr@theglobeandmail.com,Female,80 Bultman Crossing,627-410-3388,Burujul
569,Ag,Fones,afonesfs@tmall.com,Female,7 Anthes Alley,165-494-6348,Yongjiu
570,Everett,Plumstead,eplumsteadft@theglobeandmail.com,Male,36086 Northfield Avenue,652-719-4151,Shuigou’ao
571,Kaitlynn,Saggs,ksaggsfu@canalblog.com,Female,26 Westerfield Trail,226-874-4953,Wulin
572,Emanuele,Ipgrave,eipgravefv@foxnews.com,Male,27 Barnett Court,478-718-7704,Tiarei
573,Dorry,Lomasna,dlomasnafw@forbes.com,Female,52175 Manley Park,377-611-9058,Matanza
574,Octavius,Calverd,ocalverdfx@g.co,Male,5 Prairie Rose Crossing,994-472-2082,Noebana
575,Maxwell,Stanfield,mstanfieldfy@de.vu,Male,33 Monterey Center,668-509-4699,Chigoré
576,Viola,Reinbach,vreinbachfz@yellowbook.com,Female,5 Debra Avenue,128-290-7542,Ligang
577,Toma,Shellibeer,tshellibeerg0@livejournal.com,Female,081 Mariners Cove Circle,435-716-9974,Jatake
578,Wit,Blazejewski,wblazejewskig1@intel.com,Male,529 Tomscot Way,187-164-8478,Zhenlong
579,Cissiee,Dunge,cdungeg2@networksolutions.com,Female,88 Continental Place,634-671-3429,San Jose
580,Casandra,Bodega,cbodegag3@rambler.ru,Female,65182 Packers Junction,905-670-2620,Yan Nawa
581,Ray,Wressell,rwressellg4@mashable.com,Male,4834 Saint Paul Parkway,327-263-0732,Zarumilla
582,Jareb,Kless,jklessg5@fotki.com,Male,735 Fulton Terrace,445-119-0601,Jasieniec
583,Debora,Catlow,dcatlowg6@tinypic.com,Female,1 Parkside Pass,900-351-7709,Mishan
584,Che,Groom,cgroomg7@behance.net,Male,11 Superior Street,246-424-9725,Wiang Chiang Rung
585,Jeremy,Gonzalo,jgonzalog8@nbcnews.com,Male,463 Armistice Place,391-181-5243,Strančice
586,Pattie,Cuncarr,pcuncarrg9@usatoday.com,Female,6 Thompson Center,767-213-8837,Boljevac
587,Elmira,Czapla,eczaplaga@skyrock.com,Female,8698 Bultman Place,261-987-8819,Saint-Maur-des-Fossés
588,Woodie,McMenamy,wmcmenamygb@drupal.org,Male,1192 Manitowish Park,766-659-2481,Arras
589,Armand,Novichenko,anovichenkogc@opensource.org,Male,24 Oakridge Hill,550-806-9049,Inhumas
590,Germaine,M'Quharg,gmquharggd@opera.com,Female,6 Northview Hill,923-110-4644,Lewodoli
591,Allene,Clace,aclacege@sohu.com,Female,030 Atwood Center,903-476-4256,Xiaocheng
592,Pembroke,Worsell,pworsellgf@merriam-webster.com,Male,8077 Everett Hill,157-180-7252,Néa Flogitá
593,Conroy,Dummett,cdummettgg@senate.gov,Male,575 Aberg Drive,902-831-4511,Oxford
594,Nani,Mogey,nmogeygh@google.com,Female,3 Buell Plaza,486-725-3071,Doumen
595,Sigvard,Arlett,sarlettgi@canalblog.com,Male,8 Carioca Place,714-218-3583,Garden Grove
596,Ricardo,Stains,rstainsgj@wisc.edu,Male,6 Glacier Hill Pass,511-493-0748,Delgermörön
597,Olivero,Jemmett,ojemmettgk@icio.us,Male,7825 Warrior Alley,170-372-2464,Krajan Kidul Rojopolo
598,Zeke,Notti,znottigl@howstuffworks.com,Male,27191 Washington Court,493-527-5970,T’ongch’ŏn-ŭp
599,Staci,Brettelle,sbrettellegm@twitpic.com,Female,2 Tennyson Junction,200-757-1669,Czernikowo
600,Happy,Weich,hweichgn@amazon.com,Female,622 Spenser Point,763-550-9159,Xitou
601,Christiano,Woolbrook,cwoolbrookgo@forbes.com,Male,74003 Meadow Ridge Avenue,928-323-9046,Panyuran
602,Alleen,Sudell,asudellgp@time.com,Female,45 Derek Lane,395-220-0985,Esperalvillo
603,Modestine,Pareman,mparemangq@economist.com,Female,04 Dixon Avenue,383-825-4274,Sanjō
604,Daune,Spurden,dspurdengr@unc.edu,Female,5 Dapin Circle,459-875-4153,Cihaur
605,Adelice,Coldham,acoldhamgs@gnu.org,Female,949 Del Mar Road,964-152-6198,Port Erin
606,Chariot,Farey,cfareygt@bravesites.com,Male,38390 Straubel Park,739-638-8349,Shizuishan
607,Doralin,Berkelay,dberkelaygu@wisc.edu,Female,29239 American Terrace,696-399-1428,Maní
608,Hailey,Hylden,hhyldengv@europa.eu,Male,58500 Daystar Place,878-236-0350,Espanola
609,Daniel,Iston,distongw@shop-pro.jp,Male,439 Lake View Crossing,744-778-2632,Berlin
610,Edmon,McKague,emckaguegx@wikimedia.org,Male,67 Nelson Junction,854-814-2179,Changtang
611,Meade,Sapp,msappgy@mapy.cz,Male,69 Bluestem Terrace,201-162-2733,San Pascual
612,Chester,Roj,crojgz@acquirethisname.com,Male,5340 Hollow Ridge Court,738-523-4507,Yangshufang
613,Angelo,Scapelhorn,ascapelhornh0@businesswire.com,Male,831 Duke Street,241-856-8190,Lousado
614,Jarvis,Carnduff,jcarnduffh1@usnews.com,Male,8788 Badeau Alley,679-960-6433,Semikarakorsk
615,Estella,Enderson,eendersonh2@amazon.co.uk,Female,465 Union Way,900-872-5922,At-Bashi
616,Kale,Yielding,kyieldingh3@macromedia.com,Male,09 Amoth Center,816-173-9402,La Paz Centro
617,Kelsy,Milroy,kmilroyh4@twitpic.com,Female,37 Sloan Court,364-599-8880,Velykyi Bereznyi
618,Myrvyn,Frango,mfrangoh5@bandcamp.com,Male,113 South Crossing,612-170-1815,Qelëz
619,Arte,Sisse,asisseh6@phpbb.com,Male,57 Banding Way,980-468-7306,Aleksandrów
620,Maddalena,Schuster,mschusterh7@sbwire.com,Female,22 Sutteridge Avenue,348-223-4120,Raczki
621,Trstram,Brade,tbradeh8@columbia.edu,Male,67 Harper Drive,603-492-4794,Botlhapatlou
622,Arri,Pond-Jones,apondjonesh9@gmpg.org,Male,8907 Swallow Way,982-979-7779,Kaoshan
623,Boonie,Longbone,blongboneha@blog.com,Male,15 Transport Alley,313-215-0202,Bang Klam
624,Evin,Geri,egerihb@nbcnews.com,Male,306 Lunder Street,229-896-5273,Valdosta
625,Pepi,Sawers,psawershc@marketwatch.com,Female,80743 Annamark Park,620-987-4100,Cibeureum
626,Hieronymus,Ringsell,hringsellhd@prweb.com,Male,5 Glendale Court,225-259-0363,Buenavista
627,Heloise,Anster,hansterhe@scientificamerican.com,Female,47501 Annamark Center,655-421-6606,Isfahan
628,Massimo,Bradmore,mbradmorehf@cornell.edu,Male,77405 Hintze Street,543-970-4743,Topchikha
629,Sigvard,Marrison,smarrisonhg@wp.com,Male,1094 Veith Place,760-508-8426,Bomadi
630,Ki,Fisby,kfisbyhh@nasa.gov,Female,34530 Fremont Point,783-467-2408,San Ignacio de Velasco
631,Maisie,Lucius,mluciushi@histats.com,Female,8 David Lane,238-612-1822,Castelo
632,Marlin,Reidie,mreidiehj@jalbum.net,Male,7 Hanover Place,518-829-5728,Hluhluwe
633,Deloris,Suart,dsuarthk@weather.com,Female,158 Meadow Vale Trail,618-997-0124,Berezanka
634,Elbert,Laird,elairdhl@epa.gov,Male,0 Stoughton Court,958-836-7971,Jingkou
635,Forster,McCumesky,fmccumeskyhm@japanpost.jp,Male,3013 Amoth Center,188-936-1646,Tqibuli
636,Maxy,Dominik,mdominikhn@hhs.gov,Male,705 Prentice Trail,735-688-9828,Witkowo
637,Willie,Mayhead,wmayheadho@booking.com,Female,641 Burning Wood Lane,518-947-9330,Nuštar
638,Binky,Jacobs,bjacobshp@meetup.com,Male,69296 Golf View Center,154-412-7720,Itaí
639,Hamilton,Boast,hboasthq@yolasite.com,Male,93 Northport Circle,955-563-6392,San Jose
640,Robenia,Gery,rgeryhr@shop-pro.jp,Female,5006 Buena Vista Way,568-198-5225,Adelaide Mail Centre
641,Upton,Tebb,utebbhs@nationalgeographic.com,Male,571 Mayer Pass,571-368-5988,Sernur
642,Ezmeralda,Durrant,edurrantht@theglobeandmail.com,Female,3 3rd Circle,735-479-3896,Perivólia
643,Teddy,Brane,tbranehu@google.cn,Female,41 Debs Place,199-853-2924,Nogueira
644,Beatrix,Turrell,bturrellhv@mapquest.com,Female,09788 4th Plaza,896-842-5603,Blagoveshchensk
645,Lance,de Cullip,ldeculliphw@about.me,Male,66650 Everett Alley,129-258-6927,Miyazaki-shi
646,Moore,Rickcord,mrickcordhx@salon.com,Male,47750 Buena Vista Drive,451-118-0255,Hobart
647,Tera,Tosh,ttoshhy@prweb.com,Female,55759 Kensington Center,707-987-8360,Purral
648,Merola,Grew,mgrewhz@nba.com,Female,94748 Ramsey Avenue,867-434-1200,Yishi
649,Merwin,Thirlaway,mthirlawayi0@columbia.edu,Male,0 Londonderry Hill,236-270-6269,Damiao
650,La verne,McElory,lmceloryi1@hugedomains.com,Female,9 Anthes Point,784-237-3595,Krajan Dua Sumbersari
651,Humbert,Deme,hdemei2@webeden.co.uk,Male,60801 Haas Parkway,978-952-6718,Zevgolateió
652,Aldric,De Castri,adecastrii3@ocn.ne.jp,Male,314 Carioca Junction,445-771-8557,Shimiaozi
653,Loren,Gresswell,lgresswelli4@tinypic.com,Male,85267 Transport Pass,136-247-8561,Tianya
654,Teodorico,Pengelly,tpengellyi5@lulu.com,Male,87 Coleman Lane,434-347-8311,Toulouse
655,Norby,Andrat,nandrati6@reuters.com,Male,7 Beilfuss Circle,669-391-0634,Fajões
656,Wait,Maslin,wmaslini7@lycos.com,Male,109 Anhalt Point,886-624-6865,Fujioka
657,Christina,Louche,clouchei8@free.fr,Female,46 Crest Line Avenue,163-534-4428,Shalang
658,Abdel,Swancock,aswancocki9@umich.edu,Male,7613 Mcbride Avenue,627-921-6819,Pingshan
659,Burnard,Tatam,btatamia@tinypic.com,Male,447 Logan Hill,212-612-0803,New York City
660,Marlyn,Swatheridge,mswatheridgeib@census.gov,Female,6 Red Cloud Terrace,529-659-3910,Samaro
661,Gauthier,Fleetham,gfleethamic@telegraph.co.uk,Male,1053 Sundown Drive,138-538-3276,Phnom Penh
662,Marylinda,Prosh,mproshid@free.fr,Female,2254 Mockingbird Center,547-528-8295,Ban Phaeo
663,Tiffi,Paulucci,tpaulucciie@nationalgeographic.com,Female,96 Duke Parkway,971-714-5548,Muli
664,Anne-marie,Yesinin,ayesininif@bbc.co.uk,Female,2583 Helena Lane,996-478-2694,Boliney
665,Nolie,Serchwell,nserchwellig@php.net,Female,6245 Forest Court,481-574-7475,Safi
666,Kelly,Bernath,kbernathih@tumblr.com,Male,001 Ryan Pass,350-881-0824,Andongsari
667,Mayer,Bettinson,mbettinsonii@fc2.com,Male,9 Old Gate Parkway,122-747-4569,Paris 07
668,Rosalie,Last,rlastij@tripadvisor.com,Female,599 Holmberg Court,684-678-2787,Suncheon
669,Jemmie,Gullick,jgullickik@yellowbook.com,Female,77386 Ridge Oak Plaza,149-576-3331,Cipicung
670,Garnette,Sibray,gsibrayil@hc360.com,Female,1 Sommers Hill,836-650-5981,Rokytne
671,Lillian,Dryden,ldrydenim@biglobe.ne.jp,Female,9431 Kensington Plaza,342-817-5144,Zhutian
672,Neville,Caccavari,ncaccavariin@europa.eu,Male,61 Shopko Park,504-986-9675,Novoselë
673,Hobie,Wink,hwinkio@drupal.org,Male,51 Center Junction,861-764-1924,Pelem
674,Mayne,Lineham,mlinehamip@csmonitor.com,Male,53388 Norway Maple Crossing,647-845-6199,Nagai
675,Joe,Dovey,jdoveyiq@icio.us,Male,7192 Sherman Lane,646-115-7319,Hejiabao
676,Ingram,McGeorge,imcgeorgeir@ucla.edu,Male,9060 Granby Pass,896-967-8683,Hispania
677,Dalt,Paterno,dpaternois@zimbio.com,Male,6 Annamark Center,988-550-9449,Lloque
678,Tabbi,McPeeters,tmcpeetersit@weebly.com,Female,02 Erie Place,256-173-7595,Xinyan
679,Wayland,Steynor,wsteynoriu@dagondesign.com,Male,6474 Hayes Court,318-636-1027,Aibura
680,Rosalia,Hanalan,rhanalaniv@seesaa.net,Female,373 Annamark Lane,476-589-3295,Camarate
681,Noelyn,Solloway,nsollowayiw@blogger.com,Female,10822 Melvin Center,307-897-6227,Solina
682,Ferdinanda,Curzon,fcurzonix@senate.gov,Female,7384 Oak Valley Junction,713-117-8518,Zhuangxing
683,Garrek,Stringman,gstringmaniy@i2i.jp,Male,907 Anthes Trail,857-708-2706,Béreldange
684,Cyrill,Meaney,cmeaneyiz@angelfire.com,Male,93258 Elmside Circle,174-699-1231,San Jose
685,Horatio,Branchet,hbranchetj0@marriott.com,Male,05336 Armistice Terrace,728-896-2238,Františkovy Lázně
686,Jarred,Saunt,jsauntj1@etsy.com,Male,73359 Hoepker Street,162-468-1417,Shilibu
687,Nicola,Boothebie,nboothebiej2@economist.com,Female,8 Kinsman Pass,371-722-7204,Quimper
688,Marya,Horche,mhorchej3@google.pl,Female,96108 Warbler Parkway,889-156-3630,San Marcelino
689,Eal,Hardern,ehardernj4@gmpg.org,Male,0757 Evergreen Point,600-373-0433,Nizhniy Lomov
690,Sydelle,Bolmann,sbolmannj5@boston.com,Female,820 Pleasure Road,959-450-2587,Achiaman
691,Ailee,Bedome,abedomej6@skype.com,Female,3140 Hayes Center,521-170-4859,Woodstock
692,Jocko,Caldaro,jcaldaroj7@dmoz.org,Male,32 Morningstar Terrace,241-828-0171,Kāshmar
693,Yancey,Wildbore,ywildborej8@ft.com,Male,70845 Bunting Way,540-708-5984,Havlíčkův Brod
694,Zea,Sail,zsailj9@multiply.com,Female,8 East Lane,604-742-9740,Zhongshu
695,Vikky,Camellini,vcamellinija@oakley.com,Female,8003 Talisman Drive,468-892-9052,Sungaikakap
696,Carroll,Benasik,cbenasikjb@wikimedia.org,Female,63 Becker Parkway,885-678-0120,Birayang
697,Barbara,Barrie,bbarriejc@businessweek.com,Female,82 Nelson Lane,868-195-4939,Rybnoye
698,Estrellita,Tregea,etregeajd@wordpress.org,Female,403 Dayton Road,179-533-2548,Orléans
699,Devonne,Foxley,dfoxleyje@indiatimes.com,Female,2023 Elka Drive,908-762-8013,Hongxingqiao
700,Tabb,Innocent,tinnocentjf@newyorker.com,Male,37 Bowman Way,735-478-3111,Tawaran
701,Jodi,Hacket,jhacketjg@purevolume.com,Male,411 Northport Place,481-942-5819,Kabukarudi
702,Shaun,Lackinton,slackintonjh@whitehouse.gov,Female,8 Ilene Way,973-212-4958,Zhlobin
703,Charlton,Woodley,cwoodleyji@columbia.edu,Male,72 Brown Center,184-569-1291,Bobai
704,Roxana,Chagg,rchaggjj@blog.com,Female,77 Lukken Drive,433-579-2798,Munkfors
705,Lilas,Castagnaro,lcastagnarojk@ezinearticles.com,Female,488 Quincy Terrace,133-557-0747,Lysychovo
706,Carline,Rookes,crookesjl@illinois.edu,Female,8451 Hauk Trail,210-469-9330,Funza
707,Gaylord,Abbett,gabbettjm@eepurl.com,Male,5 Sundown Alley,682-517-6901,Denton
708,Nicky,Sargeaunt,nsargeauntjn@163.com,Female,90657 Spaight Hill,799-140-6468,San Felipe Old
709,Sharline,Wilmore,swilmorejo@constantcontact.com,Female,277 Hazelcrest Crossing,792-320-1772,Vila Chã
710,Dyana,Portt,dporttjp@newsvine.com,Female,0082 Packers Terrace,468-842-6865,Gemena
711,Jerrie,Hiner,jhinerjq@bbc.co.uk,Female,85 Lukken Street,677-801-4113,San Lorenzo
712,Micheal,Capey,mcapeyjr@symantec.com,Male,77 Thompson Parkway,864-760-5494,Wangxian
713,Viviyan,Bettam,vbettamjs@hp.com,Female,69478 Hanson Street,422-330-1399,Viline
714,Gloriane,Davidow,gdavidowjt@dmoz.org,Female,61760 Dunning Street,826-949-1049,Villeneuve-la-Garenne
715,Lillis,Sandeman,lsandemanju@addtoany.com,Female,413 South Park,857-993-0285,Chengqiao
716,Angy,Kitchenman,akitchenmanjv@princeton.edu,Female,05808 Glacier Hill Terrace,918-976-6505,Gebang
717,Joshuah,Chaves,jchavesjw@jigsy.com,Male,04 Ludington Park,622-333-9094,Gobernador Costa
718,Brina,Sancho,bsanchojx@shop-pro.jp,Female,0 Thompson Trail,928-858-4518,Zhongling
719,Fee,Martello,fmartellojy@berkeley.edu,Male,7 Forest Pass,793-368-7606,Saint-Pierre
720,Alessandra,Ditchett,aditchettjz@loc.gov,Female,83826 Stephen Drive,330-242-9333,Araras
721,Llewellyn,Watkiss,lwatkissk0@abc.net.au,Male,12369 Utah Crossing,157-953-6170,Tenggong
722,Kendell,Alldritt,kalldrittk1@redcross.org,Male,661 Lukken Pass,497-672-8358,Randu
723,Silvester,Stubbin,sstubbink2@digg.com,Male,61 Talisman Avenue,901-838-1760,Yangping
724,Hermann,Bird,hbirdk3@ucoz.ru,Male,98043 Hanover Hill,455-443-3032,Kara Suu
725,Clair,Tailby,ctailbyk4@msn.com,Male,76 High Crossing Street,633-148-1100,Zapatero
726,Brier,Debenham,bdebenhamk5@bing.com,Female,5347 Dayton Alley,409-547-3220,San Juan de los Morros
727,Ambrosi,De Hooch,adehoochk6@cbc.ca,Male,490 Graedel Alley,804-114-9312,Hastings
728,Major,Burney,mburneyk7@msn.com,Male,0264 Clarendon Plaza,138-301-1820,Mbandaka
729,Nye,Kidman,nkidmank8@wordpress.com,Male,69 Esch Pass,848-901-0526,Clanwilliam
730,Frederick,Adhams,fadhamsk9@paypal.com,Male,73279 Shopko Terrace,383-464-8212,Hobor
731,Carce,Stanfield,cstanfieldka@china.com.cn,Male,3 Dexter Pass,117-882-2623,Quanling
732,Nanice,Coles,ncoleskb@illinois.edu,Female,41770 Hoard Alley,629-708-5619,Bakunase
733,Aura,Squelch,asquelchkc@hugedomains.com,Female,40776 Bashford Park,208-662-7688,Cochrane
734,Gwenette,Reinhardt,greinhardtkd@ucoz.com,Female,74928 Dayton Alley,995-606-6441,Najin
735,Gilburt,Humble,ghumbleke@deviantart.com,Male,5056 Drewry Point,897-800-0664,Komga
736,Bertram,Pook,bpookkf@facebook.com,Male,43068 Waxwing Pass,770-993-0740,Umm Sa‘īd
737,Angelita,Bramble,abramblekg@dailymail.co.uk,Female,5 Hoepker Center,395-710-6423,Osieczany
738,Clemente,Mc Meekin,cmcmeekinkh@weibo.com,Male,7 Kenwood Alley,160-357-5294,Varkaus
739,Gaby,Drohan,gdrohanki@desdev.cn,Male,34896 Mandrake Drive,355-237-0005,Carauari
740,Mechelle,Wyley,mwyleykj@nymag.com,Female,1600 Sachs Place,256-845-6543,Gutalac
741,Cherry,Barczewski,cbarczewskikk@whitehouse.gov,Female,21 Anniversary Alley,454-467-0713,Yingchuan
742,Mureil,Abazi,mabazikl@google.com,Female,66781 Butternut Center,652-136-5742,Khānewāl
743,Constantin,Lancaster,clancasterkm@photobucket.com,Male,14800 Service Terrace,496-682-1286,Thị Trấn Việt Lâm
744,Larina,Iczokvitz,liczokvitzkn@msu.edu,Female,67099 Blue Bill Park Center,942-933-4494,Ottawa
745,Zachariah,Penburton,zpenburtonko@senate.gov,Male,1627 Johnson Alley,761-756-1518,Pyinmana
746,Wilbur,Bryning,wbryningkp@google.es,Male,56 Dahle Center,327-955-0304,Plettenberg Bay
747,Katherine,Merrison,kmerrisonkq@independent.co.uk,Female,170 Morrow Terrace,624-949-0406,Gegu
748,Benetta,Hubner,bhubnerkr@smugmug.com,Female,660 Sommers Avenue,590-628-3331,Ārt Khwājah
749,Percival,Heath,pheathks@wikimedia.org,Male,0 Spohn Park,602-336-8341,Bistrica pri Tržiču
750,Baxy,Alesi,balesikt@fc2.com,Male,4 Katie Point,117-811-6670,Liběšice
751,Veradis,Webling,vweblingku@reference.com,Female,42559 Corry Junction,744-851-9202,Kogota
752,Herrick,Garrit,hgarritkv@umich.edu,Male,551 Delaware Lane,970-867-6255,Cadagmayan Norte
753,Layne,Wivell,lwivellkw@weibo.com,Female,53950 Thompson Park,881-311-9704,Tawala
754,Benjie,Slorach,bslorachkx@1688.com,Male,46 Pepper Wood Circle,261-392-0011,Penanggal
755,Rinaldo,Ibell,ribellky@ebay.com,Male,5 Bultman Place,828-509-1777,Kórnik
756,Elvira,Grabb,egrabbkz@vk.com,Female,655 High Crossing Way,694-778-1426,Dzüyl
757,Lowe,Reuss,lreussl0@yelp.com,Male,5588 Drewry Plaza,367-625-1609,Radā‘
758,Stavro,Britian,sbritianl1@rediff.com,Male,8 Kim Street,723-764-1821,Gierłoż
759,Arlinda,Newburn,anewburnl2@nature.com,Female,827 Dennis Hill,388-602-4336,Rujewa
760,Wanda,Rubke,wrubkel3@wufoo.com,Female,201 Tony Parkway,282-798-7429,Mekon
761,Hillary,Inchan,hinchanl4@alexa.com,Male,3 Mcguire Place,676-248-2389,Air Bangis
762,Seka,Borzoni,sborzonil5@sfgate.com,Female,07545 Dryden Hill,189-228-0217,Borås
763,Tove,Rennenbach,trennenbachl6@google.pl,Female,64 Thackeray Pass,291-366-9622,Itaparica
764,Arley,Bygate,abygatel7@who.int,Male,629 Moose Court,217-750-1534,Springfield
765,Kerry,Timcke,ktimckel8@geocities.jp,Male,0 Schiller Plaza,321-472-7729,Okhansk
766,Audy,McCrossan,amccrossanl9@reddit.com,Female,9121 Ridgeway Avenue,461-848-2343,Guanshan
767,Cletis,Togher,ctogherla@imdb.com,Male,29 Farwell Lane,661-355-3804,Bakersfield
768,Luther,Devitt,ldevittlb@angelfire.com,Male,151 Scoville Place,465-823-8135,Kladruby
769,Forrest,Snailham,fsnailhamlc@surveymonkey.com,Male,8441 Morrow Terrace,533-281-1416,Tongguan
770,Ferdinand,O' Meara,fomearald@berkeley.edu,Male,0 Union Court,672-414-8211,Datar
771,Caresse,Heild,cheildle@geocities.com,Female,835 Arkansas Junction,928-168-5550,Zhenping Chengguanzhen
772,Horace,Filippozzi,hfilippozzilf@ycombinator.com,Male,063 Ryan Place,685-486-1389,Khairiahmandah
773,Benedick,Danforth,bdanforthlg@mozilla.org,Male,60 Loftsgordon Terrace,955-754-7872,Sugiharjo
774,Georgi,Snaddon,gsnaddonlh@earthlink.net,Male,4816 Annamark Junction,695-538-8842,Cartago
775,Johannes,Arnott,jarnottli@ameblo.jp,Male,6 Novick Terrace,660-370-2088,Naka
776,Cal,Gentile,cgentilelj@nature.com,Female,526 Cherokee Center,402-152-9675,Escuintla
777,Corella,Drinkel,cdrinkellk@skyrock.com,Female,9 Clove Way,209-712-6809,Visim
778,Georgi,Craxford,gcraxfordll@symantec.com,Male,5 School Terrace,839-850-3689,Morrelgonj
779,Piggy,Dundendale,pdundendalelm@vinaora.com,Male,8504 Londonderry Junction,684-727-0477,Yishi
780,Lanny,Ionnidis,lionnidisln@wordpress.org,Female,976 Ilene Alley,409-718-5045,Rantepang
781,Bobbie,Gorring,bgorringlo@forbes.com,Male,9972 Westridge Court,200-222-3447,Strasbourg
782,Carling,Davies,cdavieslp@printfriendly.com,Male,91 Dapin Terrace,985-270-6802,Mutengene
783,Dennet,Eringey,deringeylq@unc.edu,Male,6861 Old Shore Plaza,800-390-7414,Loureiro
784,Tremayne,MacConneely,tmacconneelylr@xinhuanet.com,Male,8630 Old Gate Hill,394-510-8805,Mloko
785,Romonda,Gough,rgoughls@dagondesign.com,Female,8 Florence Lane,690-746-1342,Zárkos
786,Osmond,Feander,ofeanderlt@vistaprint.com,Male,33694 Lakewood Place,298-368-5019,Yotsukaidō
787,Kara-lynn,Pierpoint,kpierpointlu@flickr.com,Female,84 Atwood Hill,879-883-6666,Duraznopampa
788,Arri,Gilgryst,agilgrystlv@chronoengine.com,Male,671 Jana Road,386-476-4691,Ust’-Kut
789,Mac,Prozillo,mprozillolw@cdc.gov,Male,45 Northfield Court,458-594-3910,Aulnay-sous-Bois
790,Ramsay,Dorkin,rdorkinlx@fda.gov,Male,47535 Westridge Parkway,284-261-5157,Javorník
791,Shermy,Bortolomei,sbortolomeily@stumbleupon.com,Male,2 Manitowish Trail,613-982-5792,Kangani
792,Lucine,Matteo,lmatteolz@reverbnation.com,Female,7631 Fuller Alley,926-743-8228,Soufrière
793,Nancy,Diviney,ndivineym0@nps.gov,Female,6 Doe Crossing Parkway,682-793-3822,San Ramon
794,Fawnia,Skacel,fskacelm1@arstechnica.com,Female,92024 Clyde Gallagher Court,701-897-6279,Nāḩiyat Alī ash Sharqī
795,Yoshi,Maddock,ymaddockm2@google.com.hk,Female,39439 Pankratz Point,413-252-1307,Salimbao
796,Melli,Ovitz,movitzm3@zdnet.com,Female,61262 Butternut Place,720-917-6962,Pabuaran
797,Demott,Antunes,dantunesm4@opensource.org,Male,2546 Declaration Pass,949-799-3807,Arasji
798,Zack,Dinnington,zdinningtonm5@wikimedia.org,Male,21529 Springview Lane,420-265-1280,Gorelovo
799,Yulma,Darragh,ydarraghm6@nsw.gov.au,Male,4 Packers Avenue,781-945-4050,Bera
800,Roddie,Gordon,rgordonm7@thetimes.co.uk,Male,4887 Kensington Road,942-945-5202,Kuantan
801,Forster,Rubinsztein,frubinszteinm8@ibm.com,Male,464 Kingsford Point,567-645-7800,Galatás
802,Adolphe,Heaseman,aheasemanm9@tiny.cc,Male,75 Namekagon Point,464-929-8486,Bojongsari
803,Perri,Jerok,pjerokma@theatlantic.com,Female,50 Pepper Wood Court,659-226-2597,Marcovia
804,Caesar,Keinrat,ckeinratmb@europa.eu,Male,9991 Sutteridge Circle,603-282-0283,Plottier
805,Dunc,Biers,dbiersmc@japanpost.jp,Male,2 Moose Lane,987-491-9940,Beichengqu
806,Al,Bucknell,abucknellmd@wikia.com,Male,9991 Lake View Alley,241-229-0311,Daugai
807,Mabelle,Wessel,mwesselme@examiner.com,Female,2 Claremont Pass,191-732-0781,Cigalontang
808,Jodi,Stobbs,jstobbsmf@aol.com,Male,5066 Waywood Hill,671-892-1455,Serzedelo
809,Addison,Hanlon,ahanlonmg@hc360.com,Male,2353 Moland Plaza,963-819-0348,Artybash
810,Jobina,Spatig,jspatigmh@feedburner.com,Female,81024 Hanover Circle,650-278-6243,Khirdalan
811,Sharia,Deeble,sdeeblemi@time.com,Female,75147 Lunder Way,107-644-2852,Saint Catherine
812,Myrtia,Cubbin,mcubbinmj@fc2.com,Female,189 Granby Road,625-827-2245,Srednebelaya
813,Scarlet,Bloy,sbloymk@exblog.jp,Female,3587 Donald Center,565-245-5417,Cibangun Tengah
814,Feodora,Keyden,fkeydenml@unc.edu,Female,82423 Shasta Crossing,784-639-8242,Taphan Hin
815,Gerick,Arbuckel,garbuckelmm@ustream.tv,Male,1952 Tomscot Trail,368-341-3929,Foúrnoi
816,Talya,Kinzett,tkinzettmn@senate.gov,Female,5 Loomis Court,358-279-7697,Malax
817,Rolfe,Ensor,rensormo@livejournal.com,Male,733 Stuart Road,211-733-5954,Huochezhan
818,Pavel,Korneluk,pkornelukmp@paypal.com,Male,01103 Maywood Crossing,402-567-0722,Punolu
819,Clementine,Berzen,cberzenmq@godaddy.com,Female,6078 Luster Road,977-180-4757,Gonça
820,Matias,Dolman,mdolmanmr@csmonitor.com,Male,9 Northwestern Court,459-426-4535,Zwierzyń
821,Denny,Quillinane,dquillinanems@flavors.me,Female,2 Declaration Avenue,803-175-2049,San Clemente
822,Lara,Couth,lcouthmt@altervista.org,Female,52735 Monterey Pass,391-762-9302,Ganquan
823,Zola,Marjanski,zmarjanskimu@ucoz.ru,Female,4 Washington Alley,271-222-6295,Skövde
824,Skippie,Marchment,smarchmentmv@craigslist.org,Male,43 Manufacturers Crossing,183-214-4621,Wierzchosławice
825,Melinde,Rooze,mroozemw@indiegogo.com,Female,481 Knutson Drive,594-360-8053,Nentón
826,Torrie,Chrispin,tchrispinmx@dyndns.org,Female,1 Swallow Circle,591-200-2352,Włoszakowice
827,Aretha,Nutley,anutleymy@mail.ru,Female,53 Northfield Crossing,770-274-1427,Atlanta
828,Ealasaid,Durnell,edurnellmz@earthlink.net,Female,6564 Alpine Trail,536-655-8109,Xinheng
829,Leanor,Chicotti,lchicottin0@ifeng.com,Female,5264 Bay Way,359-200-9099,Nouaseur
830,Norri,Thomasset,nthomassetn1@examiner.com,Female,5637 Northfield Hill,258-971-8353,Tiantai Chengguanzhen
831,Kristan,Robiou,krobioun2@google.ca,Female,66881 5th Road,658-898-7068,Teryayevo
832,Phylys,Poor,ppoorn3@yahoo.com,Female,460 Pearson Court,640-732-3531,Malczyce
833,Farly,Yakovitch,fyakovitchn4@japanpost.jp,Male,1 Gale Point,615-590-8924,Nashville
834,Lynnell,Skerrett,lskerrettn5@canalblog.com,Female,2 Bunker Hill Terrace,748-841-0518,Piquillín
835,Aleda,Penwright,apenwrightn6@smugmug.com,Female,45 Grasskamp Plaza,219-467-5798,Dezhou
836,Mickey,Kofax,mkofaxn7@cnn.com,Male,89185 Division Lane,280-635-1912,Llacanora
837,Allison,Stonner,astonnern8@gnu.org,Female,6 Vernon Hill,571-571-0430,Shuanghe
838,Goldia,Klimuk,gklimukn9@oracle.com,Female,91 Hintze Street,249-274-2282,Shirgjan
839,Lavina,Collidge,lcollidgena@usgs.gov,Female,8 Pleasure Court,191-894-9543,Zhushan Chengguanzhen
840,Cobb,Gooly,cgoolynb@nasa.gov,Male,1158 Sheridan Drive,852-287-8989,Neiba
841,Moselle,Midlar,mmidlarnc@mozilla.com,Female,21389 Granby Junction,390-989-3848,Mirpur Khas
842,Sax,Lamminam,slamminamnd@sfgate.com,Male,39253 Helena Alley,672-439-9852,Ron Phibun
843,Germana,Mattys,gmattysne@ow.ly,Female,78949 Declaration Hill,139-953-7592,Lindavista
844,Junina,Byrkmyr,jbyrkmyrnf@apache.org,Female,0 Brickson Park Lane,506-591-5159,Ar Riqāb
845,Artur,Vakhrushev,avakhrushevng@ask.com,Male,9 Brickson Park Crossing,701-178-8239,Três Coroas
846,Anne,Izhakov,aizhakovnh@bandcamp.com,Female,7272 Brown Avenue,124-578-4555,Mogoditshane
847,Beverie,Laidlow,blaidlowni@msu.edu,Female,6 Nova Center,150-341-4201,Wushan
848,Tommie,Tankard,ttankardnj@scribd.com,Male,76184 Buena Vista Circle,382-603-4461,Xiaolin
849,Gar,Townrow,gtownrownk@nature.com,Male,68676 Northport Avenue,777-245-4103,Vänersborg
850,Douglass,Dorling,ddorlingnl@sourceforge.net,Male,418 Aberg Trail,961-257-0371,Nusaherang
851,Orsa,Beaby,obeabynm@marketwatch.com,Female,7045 Dixon Avenue,496-869-0149,Jomda
852,Adda,Ibanez,aibaneznn@sina.com.cn,Female,9781 Valley Edge Plaza,875-885-2062,Shchuchin
853,Fan,Stearnes,fstearnesno@sohu.com,Female,2 North Road,447-723-6856,Auch
854,Ariel,Garfoot,agarfootnp@homestead.com,Male,1991 Mayer Alley,149-976-3612,La Ravoire
855,Auroora,Phillott,aphillottnq@paginegialle.it,Female,84691 Northport Park,368-577-2627,Tapan
856,Jaclin,Madison,jmadisonnr@msu.edu,Female,38 Mayfield Drive,584-158-8331,Essen
857,Amabelle,Le Count,alecountns@de.vu,Female,474 Meadow Vale Parkway,949-101-2501,Irvine
858,Bent,Summerell,bsummerellnt@google.com,Male,3995 Thackeray Hill,244-176-0569,Caballococha
859,Maurise,Golde,mgoldenu@npr.org,Male,6738 Weeping Birch Crossing,509-346-2162,Baykalovo
860,Johannah,Beauchop,jbeauchopnv@marriott.com,Female,02 Nova Plaza,941-885-3174,Bradenton
861,Hyacinthe,Thyer,hthyernw@state.gov,Female,87 Fulton Crossing,882-891-5062,Caeté
862,Elijah,Gellion,egellionnx@ovh.net,Male,04515 Lake View Plaza,575-126-7480,Estefania
863,Warden,Fenney,wfenneyny@discuz.net,Male,961 Union Drive,935-789-1858,Malian
864,Jesse,Battersby,jbattersbynz@so-net.ne.jp,Male,46 Moland Court,484-762-7218,Karangkancana
865,Portie,Sibary,psibaryo0@gnu.org,Male,7357 Onsgard Point,448-675-8977,Guararé
866,Rip,Anthill,ranthillo1@tmall.com,Male,86406 Clemons Terrace,380-374-5917,Nova Viçosa
867,Byron,Orrey,borreyo2@storify.com,Male,88356 Columbus Lane,690-965-6380,Trinaterra
868,Lana,Madre,lmadreo3@histats.com,Female,15 Lotheville Terrace,176-502-9518,Primero de Enero
869,Merrick,Kincla,mkinclao4@engadget.com,Male,22013 Duke Street,290-465-3401,Loo
870,Radcliffe,Dik,rdiko5@nature.com,Male,6316 Main Junction,233-169-3662,Castelões
871,Gael,Jackson,gjacksono6@yellowbook.com,Male,48 Bowman Junction,381-569-2547,Farasān
872,Purcell,Ropartz,propartzo7@google.it,Male,3383 Independence Parkway,280-314-8070,May Pen
873,Wait,Beatens,wbeatenso8@nbcnews.com,Male,1584 Rusk Pass,156-663-5664,Aborlan
874,Filbert,Canet,fcaneto9@odnoklassniki.ru,Male,2 Summer Ridge Hill,493-613-5344,Shixiang
875,Rolland,Tossell,rtosselloa@gizmodo.com,Male,78 Mendota Circle,457-378-3479,Burhānuddin
876,Cesare,Chevis,cchevisob@google.co.jp,Male,2 Union Circle,703-430-8010,Kabanga
877,Jackie,Mockford,jmockfordoc@ucla.edu,Male,0 Comanche Plaza,584-802-7054,Piaski
878,Tab,Agronski,tagronskiod@ucoz.com,Male,0641 Emmet Crossing,834-202-2493,Quba
879,Allene,Ahmed,aahmedoe@shinystat.com,Female,7620 Mccormick Road,709-478-9072,Svetlogorsk
880,Urban,de Keyser,udekeyserof@livejournal.com,Male,58268 Ronald Regan Avenue,796-769-4839,Kinshasa
881,Clarita,Stut,cstutog@creativecommons.org,Female,22 South Plaza,983-143-7651,Mykolayiv
882,Thom,Dangl,tdangloh@livejournal.com,Male,7083 International Alley,450-751-0340,Samburat
883,Antonella,Vaudre,avaudreoi@hp.com,Female,3 Sutherland Hill,700-852-4366,Roczyny
884,Roi,Almond,ralmondoj@is.gd,Male,5 Milwaukee Plaza,230-915-9451,Ejigbo
885,Klemens,Lere,klereok@wp.com,Male,59530 Caliangt Crossing,420-221-1786,Hujiaba
886,Bogey,Bayman,bbaymanol@senate.gov,Male,46 Northridge Circle,548-322-2037,Oslo
887,Ravid,Pesek,rpesekom@guardian.co.uk,Male,9 Kennedy Lane,361-183-0313,Magang
888,Olin,Fidilis,ofidilison@oracle.com,Male,4368 Hagan Court,620-475-9404,Maagnas
889,Estevan,Tournie,etournieoo@elegantthemes.com,Male,58 Crest Line Road,556-820-8604,Sovetakan
890,Eziechiele,Teas,eteasop@stanford.edu,Male,931 Old Gate Road,209-823-3465,Stockton
891,Christophe,McArley,cmcarleyoq@discovery.com,Male,12 Browning Point,361-853-9179,Jinhua
892,Durward,Eastam,deastamor@ucla.edu,Male,492 Melvin Point,753-156-8237,Nanyang
893,Janot,Cuxon,jcuxonos@addtoany.com,Female,4825 Colorado Plaza,312-611-6903,Chicago
894,Meryl,Bagge,mbaggeot@ycombinator.com,Male,4 Troy Trail,429-577-0620,Pavlovka
895,Gabriel,Galland,ggallandou@prnewswire.com,Male,10 Chinook Avenue,608-666-9280,Hulyaypole
896,Mae,Corse,mcorseov@engadget.com,Female,187 Riverside Plaza,547-263-4736,La Paz
897,Dierdre,Eatherton,deathertonow@dell.com,Female,4432 Thompson Park,518-852-6237,Starokucherganovka
898,Giorgio,Geharke,ggeharkeox@opensource.org,Male,6 Reindahl Road,467-619-5259,Māwiyah
899,Blithe,Easterbrook,beasterbrookoy@microsoft.com,Female,8620 Tennyson Court,267-441-0998,Melrose
900,Pandora,Fagan,pfaganoz@ucla.edu,Female,5 Hooker Parkway,459-518-4490,Lokea
901,Leta,Garoghan,lgaroghanp0@ihg.com,Female,51 Pepper Wood Center,310-102-5696,Semiring
902,Bevin,Gawthorp,bgawthorpp1@theatlantic.com,Male,3 Mesta Way,267-952-2323,Saint John
903,Iolanthe,Bromwich,ibromwichp2@blinklist.com,Female,248 Boyd Trail,626-856-6481,Altamira
904,Emmey,Opdenorth,eopdenorthp3@skype.com,Female,33320 Nevada Terrace,952-999-9900,Fray Bentos
905,Cece,Anthoney,canthoneyp4@usnews.com,Male,72743 Cody Plaza,152-499-1362,Qunsheng
906,Ross,Danev,rdanevp5@latimes.com,Male,975 Corry Plaza,558-402-9448,Quezon
907,Orsa,Fawssett,ofawssettp6@dion.ne.jp,Female,351 Huxley Way,217-790-3477,Brniště
908,Lishe,Swansborough,lswansboroughp7@trellian.com,Female,01 Hermina Plaza,561-996-5005,Mangaratiba
909,Emlyn,Berney,eberneyp8@networksolutions.com,Male,44 4th Plaza,853-376-6363,Sinegorskiy
910,Sibel,Pardie,spardiep9@dailymail.co.uk,Female,6787 Springs Park,720-825-1119,Terenozek
911,Stanton,Staff,sstaffpa@csmonitor.com,Male,5 Crownhardt Way,902-826-6791,Lakinsk
912,Madelina,De Robertis,mderobertispb@ibm.com,Female,9 Gina Road,317-202-5115,Sens
913,Kayne,Boddington,kboddingtonpc@census.gov,Male,9577 Parkside Court,145-671-5302,Cimonyong
914,Dewitt,Hughill,dhughillpd@unicef.org,Male,3 Stuart Circle,700-498-3065,Labansari
915,Jenda,McGirr,jmcgirrpe@naver.com,Female,37 Sullivan Junction,465-584-7430,Gaogongdao
916,Lorrin,Donlon,ldonlonpf@yale.edu,Female,007 Village Green Plaza,637-618-5920,Bila Tserkva
917,Borden,Mourant,bmourantpg@un.org,Male,3288 Porter Pass,942-626-0690,San Bernardo
918,Gwenette,Baskeyfied,gbaskeyfiedph@w3.org,Female,9386 Marquette Parkway,261-534-6729,Łąka Prudnicka
919,Keary,Greedier,kgreedierpi@yelp.com,Male,492 Carioca Circle,608-194-9862,Årsta
920,Jeremiah,Callam,jcallampj@webnode.com,Male,547 Nelson Circle,259-603-6569,Pontal
921,Jessamyn,Carloni,jcarlonipk@123-reg.co.uk,Female,445 Russell Circle,765-126-0941,Ortega
922,Stanislaus,De La Coste,sdelacostepl@istockphoto.com,Male,79 Banding Road,738-177-1975,Chyżne
923,Ali,Kores,akorespm@redcross.org,Male,7 Pierstorff Point,364-368-3109,Bunisari
924,Towney,Keats,tkeatspn@slashdot.org,Male,94 Pearson Pass,525-318-4020,Cerrito
925,Dalton,Esbrook,desbrookpo@house.gov,Male,48 Eagan Crossing,669-463-1944,Shuimen
926,Fonz,Maccree,fmaccreepp@bizjournals.com,Male,91 Farragut Alley,706-377-9507,Hedao
927,Rubia,Alexandersen,ralexandersenpq@eepurl.com,Female,19 Meadow Ridge Parkway,910-402-3485,Niort
928,Matty,Tuff,mtuffpr@earthlink.net,Male,05 Meadow Vale Circle,170-633-2004,Mirskoy
929,Colman,Oliva,colivaps@tinyurl.com,Male,28143 Roth Drive,969-263-9133,Creil
930,Keri,Muston,kmustonpt@cmu.edu,Female,31218 Bellgrove Junction,285-809-0432,Maulavi Bāzār
931,Brose,Hubbuck,bhubbuckpu@merriam-webster.com,Male,92 Westport Pass,819-986-6241,Champerico
932,Hillary,Vanner,hvannerpv@gnu.org,Female,4888 Autumn Leaf Crossing,590-311-4838,Kayukembang
933,Earle,Vipan,evipanpw@usa.gov,Male,541 Sachs Circle,535-308-9690,Alençon
934,Sanders,Hubert,shubertpx@t-online.de,Male,89 Basil Pass,802-100-3130,Sélestat
935,Cassie,St. Quintin,cstquintinpy@mozilla.com,Female,0 Eagan Terrace,181-824-9467,Göteborg
936,Stefan,Amthor,samthorpz@scribd.com,Male,9416 Drewry Road,114-443-1482,Baoping
937,Marcellus,Durant,mdurantq0@4shared.com,Male,70 Buhler Road,949-406-3730,Thị Trấn Tà Lùng
938,Damian,Alessandone,dalessandoneq1@istockphoto.com,Male,538 Annamark Court,948-209-6104,Desamparados
939,Mufinella,Hoofe,mhoofeq2@tinypic.com,Female,21 Hansons Way,464-515-1793,San Bernardino
940,Lula,Agett,lagettq3@newsvine.com,Female,8756 Westerfield Parkway,104-987-3192,Xianrendu
941,Ezmeralda,Kitchingham,ekitchinghamq4@dropbox.com,Female,8043 Jenifer Circle,992-499-5053,Mamuša
942,Aurelie,Fawks,afawksq5@fastcompany.com,Female,54988 Nelson Avenue,755-216-5185,Colesberg
943,Gillan,Gilphillan,ggilphillanq6@weebly.com,Female,09711 Troy Plaza,634-488-4301,Wola Rębkowska
944,Julee,MacAvddy,jmacavddyq7@livejournal.com,Female,04 Butterfield Trail,321-578-1450,Riang Tengah
945,Carl,Jimeno,cjimenoq8@flavors.me,Male,5672 Anzinger Circle,563-562-1781,Buawan
946,Cody,Readings,creadingsq9@washington.edu,Male,2710 Basil Parkway,588-336-3291,Rongxi
947,Nady,But,nbutqa@odnoklassniki.ru,Female,42 Artisan Place,367-235-3467,Taiping
948,Darnall,Dargie,ddargieqb@sciencedaily.com,Male,92 Ridge Oak Road,588-561-3142,Kuršumlija
949,Iorgos,Wilacot,iwilacotqc@bbb.org,Male,1 Schlimgen Court,285-733-5521,Calvário
950,Molly,Pulteneye,mpulteneyeqd@sogou.com,Female,0188 Upham Circle,141-667-7124,Lewograran
951,Clarabelle,Hacun,chacunqe@utexas.edu,Female,97 Meadow Valley Junction,270-711-6256,Williamsfield
952,Carrol,Roman,cromanqf@spiegel.de,Male,10232 Eggendart Court,955-539-1421,Fusagasuga
953,Alvie,O'Corrigane,aocorriganeqg@cdc.gov,Male,0279 Service Crossing,188-536-4528,Velas
954,Stefania,Pollicote,spollicoteqh@weibo.com,Female,62832 Bartillon Junction,571-604-3158,Wyśmierzyce
955,Fredrick,Tessyman,ftessymanqi@unc.edu,Male,4 Fairfield Road,444-318-1405,Bergen
956,Curr,Dunford,cdunfordqj@nih.gov,Male,6987 Harbort Alley,190-771-4821,Svetlyy
957,Tod,Renwick,trenwickqk@e-recht24.de,Male,607 Warner Parkway,983-915-9330,Coolock
958,Gwenora,Zarfati,gzarfatiql@mozilla.org,Female,9 Merry Parkway,294-743-4089,Damāvand
959,Dieter,Lunge,dlungeqm@tinypic.com,Male,67793 Scofield Center,398-363-7365,Altay sumu
960,Abbi,Luciani,alucianiqn@virginia.edu,Female,05 Sommers Crossing,537-143-1119,Guarenas
961,Joellyn,Dawkins,jdawkinsqo@noaa.gov,Female,09 Fair Oaks Circle,441-549-1579,Esquipulas
962,Elysia,Messum,emessumqp@tinypic.com,Female,0 Eagle Crest Court,917-359-1429,Tieba
963,Brad,Cremen,bcremenqq@yellowbook.com,Male,983 Springs Plaza,880-400-5051,Bentar
964,Brandea,Elleton,belletonqr@imdb.com,Female,8500 Buhler Point,691-455-5105,Thị Trấn Ngải Giao
965,Dene,Pitsall,dpitsallqs@vistaprint.com,Male,45 Summit Way,991-777-3419,Paprotnia
966,Susette,Batter,sbatterqt@about.com,Female,05 Kinsman Trail,713-843-4420,Houston
967,Trescha,Hyndes,thyndesqu@prweb.com,Female,578 Sunnyside Place,754-578-8484,Sterlibashevo
968,Rory,Covotto,rcovottoqv@nsw.gov.au,Male,9844 Shelley Drive,273-882-9388,Kodamachō-kodamaminami
969,Roarke,Pinnocke,rpinnockeqw@typepad.com,Male,57614 Red Cloud Circle,965-906-9456,Lamalewo
970,Kellie,Llorente,kllorenteqx@comsenz.com,Female,8361 Mendota Place,171-790-3823,Cibungur
971,Edd,Johns,ejohnsqy@house.gov,Male,410 Gulseth Terrace,479-295-7481,Mişrātah
972,Sabra,Shrubshall,sshrubshallqz@histats.com,Female,2423 Meadow Ridge Plaza,933-833-1874,Arapuey
973,Powell,Tyhurst,ptyhurstr0@exblog.jp,Male,17 Haas Park,442-679-5488,Radeče
974,Solomon,Eastcourt,seastcourtr1@artisteer.com,Male,763 Atwood Terrace,228-805-9545,Bayasgalant
975,Lamond,Drache,ldracher2@google.cn,Male,12 Carberry Lane,770-998-4019,Goujie
976,Odey,Dutt,oduttr3@feedburner.com,Male,37057 Anhalt Road,568-976-2450,Aromashevo
977,Ewan,Dredge,edredger4@umich.edu,Male,7784 Bashford Lane,775-423-3845,Kamojimachō-jōgejima
978,Omero,Prestage,oprestager5@uol.com.br,Male,5 Kensington Crossing,301-504-8982,Helong
979,Hill,Finden,hfindenr6@i2i.jp,Male,6 Lunder Point,764-173-2523,Jiubao
980,Raymund,Ribou,rribour7@bigcartel.com,Male,9253 Ohio Court,151-445-8502,Wuxing
981,Sheila,Grewer,sgrewerr8@tiny.cc,Female,52840 North Trail,620-718-8014,Xishan
982,Tully,Ahlf,tahlfr9@miitbeian.gov.cn,Male,8 Roth Center,285-753-3798,Capayán
983,Gail,Deering,gdeeringra@globo.com,Male,22466 Starling Drive,557-819-8604,Celorico de Basto
984,Arly,Hoyte,ahoyterb@baidu.com,Female,34 6th Point,279-527-2060,Basse-Terre
985,Fields,Kempson,fkempsonrc@nyu.edu,Male,69510 Russell Road,117-721-2142,Croix
986,Thebault,McRitchie,tmcritchierd@microsoft.com,Male,9597 Swallow Plaza,233-975-1077,Tisno
987,Britteny,Coggon,bcoggonre@indiegogo.com,Female,1 Laurel Trail,320-680-0286,Cipatujah
988,Margeaux,Ancketill,mancketillrf@springer.com,Female,9611 Dexter Drive,614-489-9635,Harper
989,Beverlie,Ronca,broncarg@slashdot.org,Female,859 Huxley Drive,865-873-8037,Mulino
990,Tris,Liddyard,tliddyardrh@wired.com,Male,17 Troy Drive,517-342-2097,Waihai
991,Michelina,Gullefant,mgullefantri@cbslocal.com,Female,59621 Sunbrook Center,622-445-4090,Goraj
992,Madison,Ruggiero,mruggierorj@huffingtonpost.com,Male,56 Golf Course Center,784-116-6240,Évreux
993,Tyson,Kneaphsey,tkneaphseyrk@wikispaces.com,Male,8714 Shopko Hill,257-182-5798,Wuduhe
994,Wallis,Vickars,wvickarsrl@slashdot.org,Male,96 Schiller Drive,698-902-9754,Almeirim
995,Bartlett,Gadney,bgadneyrm@desdev.cn,Male,1157 Norway Maple Crossing,654-112-8946,Amuntai
996,Maurits,Koschek,mkoschekrn@weibo.com,Male,64 Cottonwood Center,794-969-5249,Huangqi
997,Minne,Wiles,mwilesro@stumbleupon.com,Female,2148 Scoville Alley,389-920-3915,Alae
998,Rriocard,Farahar,rfaraharrp@posterous.com,Male,43443 Eastwood Terrace,838-690-4455,Correntina
999,Pietro,Beslier,pbeslierrq@flavors.me,Male,84 1st Trail,827-829-3643,Fuling
1000,Brook,Hansmann,bhansmannrr@bloglines.com,Male,61789 Oak Valley Parkway,872-314-7103,Wenping
